name,sub_name,sub_name_sub,roman,sub_roman
北海道,ほっかいどう,ほっかいどう,Hokkaido,Hokkaido
札幌市,さっぽろし,さっぽろ,Sapporo,Sapporo
中央区,ちゅうおうく,ちゅうおう,Chuo,Tyuo
北区,きたく,きた,Kita,Kita
東区,ひがしく,ひがし,Higashi,Higasi
白石区,しろいしく,しろいし,Shiroishi,Siroisi
豊平区,とよひらく,とよひら,Toyohira,Toyohira
南区,みなみく,みなみ,Minami,Minami
西区,にしく,にし,Nishi,Nisi
厚別区,あつべつく,あつべつ,Atsubetsu,Atubetu
手稲区,ていねく,ていね,Teine,Teine
清田区,きよたく,きよた,Kiyota,Kiyota
函館市,はこだてし,はこだて,Hakodate,Hakodate
小樽市,おたるし,おたる,Otaru,Otaru
旭川市,あさひかわし,あさひかわ,Asahikawa,Asahikawa
室蘭市,むろらんし,むろらん,Muroran,Muroran
釧路市,くしろし,くしろ,Kushiro,Kusiro
帯広市,おびひろし,おびひろ,Obihiro,Obihiro
北見市,きたみし,きたみ,Kitami,Kitami
夕張市,ゆうばりし,ゆうばり,Yubari,Yubari
岩見沢市,いわみざわし,いわみざわ,Iwamizawa,Iwamizawa
網走市,あばしりし,あばしり,Abashiri,Abasiri
留萌市,るもいし,るもい,Rumoi,Rumoi
苫小牧市,とまこまいし,とまこまい,Tomakomai,Tomakomai
稚内市,わっかないし,わっかない,Wakkanai,Wakkanai
美唄市,びばいし,びばい,Bibai,Bibai
芦別市,あしべつし,あしべつ,Ashibetsu,Asibetu
江別市,えべつし,えべつ,Ebetsu,Ebetu
赤平市,あかびらし,あかびら,Akabira,Akabira
紋別市,もんべつし,もんべつ,Monbetsu,Monbetu
士別市,しべつし,しべつ,Shibetsu,Sibetu
名寄市,なよろし,なよろ,Nayoro,Nayoro
三笠市,みかさし,みかさ,Mikasa,Mikasa
根室市,ねむろし,ねむろ,Nemuro,Nemuro
千歳市,ちとせし,ちとせ,Chitose,Titose
滝川市,たきかわし,たきかわ,Takikawa,Takikawa
砂川市,すながわし,すながわ,Sunagawa,Sunagawa
歌志内市,うたしないし,うたしない,Utashinai,Utasinai
深川市,ふかがわし,ふかがわ,Fukagawa,Hukagawa
富良野市,ふらのし,ふらの,Furano,Hurano
登別市,のぼりべつし,のぼりべつ,Noboribetsu,Noboribetu
恵庭市,えにわし,えにわ,Eniwa,Eniwa
伊達市,だてし,だて,Date,Date
北広島市,きたひろしまし,きたひろしま,Kitahiroshima,Kitahirosima
石狩市,いしかりし,いしかり,Ishikari,Isikari
北斗市,ほくとし,ほくと,Hokuto,Hokuto
石狩振興局,いしかりしんこうきょく,いしかり,Ishikari,Isikari
当別町,とうべつちょう,とうべつ,Tobetsu,Tobetu
新篠津村,しんしのつむら,しんしのつ,Shinshinotsu,Sinsinotu
渡島総合振興局,おしまそうごうしんこうきょく,おしま,Oshima,Osima
松前町,まつまえちょう,まつまえ,Matsumae,Matumae
福島町,ふくしまちょう,ふくしま,Fukushima,Hukusima
知内町,しりうちちょう,しりうち,Shiriuchi,Siriuti
木古内町,きこないちょう,きこない,Kikonai,Kikonai
七飯町,ななえちょう,ななえ,Nanae,Nanae
鹿部町,しかべちょう,しかべ,Shikabe,Sikabe
森町,もりまち,もり,Mori,Mori
八雲町,やくもちょう,やくも,Yakumo,Yakumo
長万部町,おしゃまんべちょう,おしゃまんべ,Oshamanbe,Osyamanbe
檜山振興局,ひやましんこうきょく,ひやま,Hiyama,Hiyama
江差町,えさしちょう,えさし,Esashi,Esasi
上ノ国町,かみのくにちょう,かみのくに,Kaminokuni,Kaminokuni
厚沢部町,あっさぶちょう,あっさぶ,Assabu,Assabu
乙部町,おとべちょう,おとべ,Otobe,Otobe
奥尻町,おくしりちょう,おくしり,Okushiri,Okusiri
今金町,いまかねちょう,いまかね,Imakane,Imakane
せたな町,せたなちょう,せたな,Setana,Setana
後志総合振興局,しりべしそうごうしんこうきょく,しりべし,Shiribeshi,Siribesi
島牧村,しままきむら,しままき,Shimamaki,Simamaki
寿都町,すっつちょう,すっつ,Suttsu,Suttu
黒松内町,くろまつないちょう,くろまつない,Kuromatsunai,Kuromatunai
蘭越町,らんこしちょう,らんこし,Rankoshi,Rankosi
ニセコ町,にせこちょう,にせこ,Niseko,Niseko
真狩村,まっかりむら,まっかり,Makkari,Makkari
留寿都村,るすつむら,るすつ,Rusutsu,Rusutu
喜茂別町,きもべつちょう,きもべつ,Kimobetsu,Kimobetu
京極町,きょうごくちょう,きょうごく,Kyogoku,Kyogoku
倶知安町,くっちゃんちょう,くっちゃん,Kutchan,Kuttyan
共和町,きょうわちょう,きょうわ,Kyowa,Kyowa
岩内町,いわないちょう,いわない,Iwanai,Iwanai
泊村,とまりむら,とまり,Tomari,Tomari
神恵内村,かもえないむら,かもえない,Kamoenai,Kamoenai
積丹町,しゃこたんちょう,しゃこたん,Shakotan,Syakotan
古平町,ふるびらちょう,ふるびら,Furubira,Hurubira
仁木町,にきちょう,にき,Niki,Niki
余市町,よいちちょう,よいち,Yoichi,Yoiti
赤井川村,あかいがわむら,あかいがわ,Akaigawa,Akaigawa
空知総合振興局,そらちそうごうしんこうきょく,そらち,Sorachi,Sorati
南幌町,なんぽろちょう,なんぽろ,Nanporo,Nanporo
奈井江町,ないえちょう,ないえ,Naie,Naie
上砂川町,かみすながわちょう,かみすながわ,Kamisunagawa,Kamisunagawa
由仁町,ゆにちょう,ゆに,Yuni,Yuni
長沼町,ながぬまちょう,ながぬま,Naganuma,Naganuma
栗山町,くりやまちょう,くりやま,Kuriyama,Kuriyama
月形町,つきがたちょう,つきがた,Tsukigata,Tukigata
浦臼町,うらうすちょう,うらうす,Urausu,Urausu
新十津川町,しんとつかわちょう,しんとつかわ,Shintotsukawa,Sintotukawa
妹背牛町,もせうしちょう,もせうし,Moseushi,Moseusi
秩父別町,ちっぷべつちょう,ちっぷべつ,Chippubetsu,Tippubetu
雨竜町,うりゅうちょう,うりゅう,Uryu,Uryu
北竜町,ほくりゅうちょう,ほくりゅう,Hokuryu,Hokuryu
沼田町,ぬまたちょう,ぬまた,Numata,Numata
上川総合振興局,かみかわそうごうしんこうきょく,かみかわ,Kamikawa,Kamikawa
鷹栖町,たかすちょう,たかす,Takasu,Takasu
東神楽町,ひがしかぐらちょう,ひがしかぐら,Higashikagura,Higasikagura
当麻町,とうまちょう,とうま,Toma,Toma
比布町,ぴっぷちょう,ぴっぷ,Pippu,Pippu
愛別町,あいベつちょう,あいベつ,Aibetsu,Aibetu
上川町,かみかわちょう,かみかわ,Kamikawa,Kamikawa
東川町,ひがしかわちょう,ひがしかわ,Higashikawa,Higasikawa
美瑛町,びえいちょう,びえい,Biei,Biei
上富良野町,かみふらのちょう,かみふらの,Kamifurano,Kamihurano
中富良野町,なかふらのちょう,なかふらの,Nakafurano,Nakahurano
南富良野町,みなみふらのちょう,みなみふらの,Minamifurano,Minamihurano
占冠村,しむかっぷむら,しむかっぷ,Shimukappu,Simukappu
和寒町,わっさむちょう,わっさむ,Wassamu,Wassamu
剣淵町,けんぶちちょう,けんぶち,Kenbuchi,Kenbuti
下川町,しもかわちょう,しもかわ,Shimokawa,Simokawa
美深町,びふかちょう,びふか,Bifuka,Bihuka
音威子府村,おといねっぷむら,おといねっぷ,Otoineppu,Otoineppu
中川町,なかがわちょう,なかがわ,Nakagawa,Nakagawa
幌加内町,ほろかないちょう,ほろかない,Horokanai,Horokanai
留萌振興局,るもいしんこうきょく,るもい,Rumoi,Rumoi
増毛町,ましけちょう,ましけ,Mashike,Masike
小平町,おびらちょう,おびら,Obira,Obira
苫前町,とままえちょう,とままえ,Tomamae,Tomamae
羽幌町,はぼろちょう,はぼろ,Haboro,Haboro
初山別村,しょさんべつむら,しょさんべつ,Shosanbetsu,Syosanbetu
遠別町,えんべつちょう,えんべつ,Enbetsu,Enbetu
天塩町,てしおちょう,てしお,Teshio,Tesio
宗谷総合振興局,そうやそうごうしんこうきょく,そうや,Soya,Soya
猿払村,さるふつむら,さるふつ,Sarufutsu,Saruhutu
浜頓別町,はまとんべつちょう,はまとんべつ,Hamatonbetsu,Hamatonbetu
中頓別町,なかとんべつちょう,なかとんべつ,Nakatonbetsu,Nakatonbetu
枝幸町,えさしちょう,えさし,Esashi,Esasi
豊富町,とよとみちょう,とよとみ,Toyotomi,Toyotomi
礼文町,れぶんちょう,れぶん,Rebun,Rebun
利尻町,りしりちょう,りしり,Rishiri,Risiri
利尻富士町,りしりふじちょう,りしりふじ,Rishirifuji,Risirihuzi
幌延町,ほろのべちょう,ほろのべ,Horonobe,Horonobe
オホーツク総合振興局,おほーつくそうごうしんこうきょく,おほーつく,Ohotsuku,Ohotuku
美幌町,びほろちょう,びほろ,Bihoro,Bihoro
津別町,つべつちょう,つべつ,Tsubetsu,Tubetu
斜里町,しゃりちょう,しゃり,Shari,Syari
清里町,きよさとちょう,きよさと,Kiyosato,Kiyosato
小清水町,こしみずちょう,こしみず,Koshimizu,Kosimizu
訓子府町,くんねっぷちょう,くんねっぷ,Kunneppu,Kunneppu
置戸町,おけとちょう,おけと,Oketo,Oketo
佐呂間町,さろまちょう,さろま,Saroma,Saroma
遠軽町,えんがるちょう,えんがる,Engaru,Engaru
湧別町,ゆうべつちょう,ゆうべつ,Yubetsu,Yubetu
滝上町,たきのうえちょう,たきのうえ,Takinoue,Takinoue
興部町,おこっぺちょう,おこっぺ,Okoppe,Okoppe
西興部村,にしおこっぺむら,にしおこっぺ,Nishiokoppe,Nisiokoppe
雄武町,おうむちょう,おうむ,Omu,omu
大空町,おおぞらちょう,おおぞら,Ozora,ozora
胆振総合振興局,いぶりそうごうしんこうきょく,いぶり,Iburi,Iburi
豊浦町,とようらちょう,とようら,Toyoura,Toyoura
壮瞥町,そうべつちょう,そうべつ,Sobetsu,Sobetu
白老町,しらおいちょう,しらおい,Shiraoi,Siraoi
厚真町,あつまちょう,あつま,Atsuma,Atuma
洞爺湖町,とうやこちょう,とうやこ,Toyako,Toyako
安平町,あびらちょう,あびら,Abira,Abira
むかわ町,むかわちょう,むかわ,Mukawa,Mukawa
日高振興局,ひだかしんこうきょく,ひだか,Hidaka,Hidaka
日高町,ひだかちょう,ひだか,Hidaka,Hidaka
平取町,びらとりちょう,びらとり,Biratori,Biratori
新冠町,にいかっぷちょう,にいかっぷ,Niikappu,Niikappu
浦河町,うらかわちょう,うらかわ,Urakawa,Urakawa
様似町,さまにちょう,さまに,Samani,Samani
えりも町,えりもちょう,えりも,Erimo,Erimo
新ひだか町,しんひだかちょう,しんひだか,Shinhidaka,Sinhidaka
十勝総合振興局,とかちそうごうしんこうきょく,とかち,Tokachi,Tokati
音更町,おとふけちょう,おとふけ,Otofuke,Otohuke
士幌町,しほろちょう,しほろ,Shihoro,Sihoro
上士幌町,かみしほろちょう,かみしほろ,Kamishihoro,Kamisihoro
鹿追町,しかおいちょう,しかおい,Shikaoi,Sikaoi
新得町,しんとくちょう,しんとく,Shintoku,Sintoku
清水町,しみずちょう,しみず,Shimizu,Simizu
芽室町,めむろちょう,めむろ,Memuro,Memuro
中札内村,なかさつないむら,なかさつない,Nakasatsunai,Nakasatunai
更別村,さらべつむら,さらべつ,Sarabetsu,Sarabetu
大樹町,たいきちょう,たいき,Taiki,Taiki
広尾町,ひろおちょう,ひろお,Hiroo,Hiroo
幕別町,まくべつちょう,まくべつ,Makubetsu,Makubetu
池田町,いけだちょう,いけだ,Ikeda,Ikeda
豊頃町,とよころちょう,とよころ,Toyokoro,Toyokoro
本別町,ほんべつちょう,ほんべつ,Honbetsu,Honbetu
足寄町,あしょろちょう,あしょろ,Ashoro,Asyoro
陸別町,りくべつちょう,りくべつ,Rikubetsu,Rikubetu
浦幌町,うらほろちょう,うらほろ,Urahoro,Urahoro
釧路総合振興局,くしろそうごうしんこうきょく,くしろ,Kushiro,Kusiro
釧路町,くしろちょう,くしろ,Kushiro,Kusiro
厚岸町,あっけしちょう,あっけし,Akkeshi,Akkesi
浜中町,はまなかちょう,はまなか,Hamanaka,Hamanaka
標茶町,しべちゃちょう,しべちゃ,Shibecha,Sibetya
弟子屈町,てしかがちょう,てしかが,Teshikaga,Tesikaga
鶴居村,つるいむら,つるい,Tsurui,Turui
白糠町,しらぬかちょう,しらぬか,Shiranuka,Siranuka
根室振興局,ねむろしんこうきょく,ねむろ,Nemuro,Nemuro
別海町,べっかいちょう,べっかい,Bekkai,Bekkai
中標津町,なかしべつちょう,なかしべつ,Nakashibetsu,Nakasibetu
標津町,しべつちょう,しべつ,Shibetsu,Sibetu
羅臼町,らうすちょう,らうす,Rausu,Rausu
色丹村,しこたんむら,しこたん,Shikotan,Sikotan
泊村,とまりむら,とまり,Tomari,Tomari
留夜別村,るよべつむら,るよべつ,Ruyobetsu,Ruyobetu
留別村,るべつむら,るべつ,Rubetsu,Rubetu
紗那村,しゃなむら,しゃな,Shana,Syana
蘂取村,しべとろむら,しべとろ,Shibetoro,Sibetoro
青森県,あおもりけん,あおもり,Aomori,Aomori
青森市,あおもりし,あおもり,Aomori,Aomori
弘前市,ひろさきし,ひろさき,Hirosaki,Hirosaki
八戸市,はちのへし,はちのへ,Hachinohe,Hatinohe
黒石市,くろいしし,くろいし,Kuroishi,Kuroisi
五所川原市,ごしょがわらし,ごしょがわら,Goshogawara,Gosyogawara
十和田市,とわだし,とわだ,Towada,Towada
三沢市,みさわし,みさわ,Misawa,Misawa
むつ市,むつし,むつ,Mutsu,Mutu
つがる市,つがるし,つがる,Tsugaru,Tugaru
平川市,ひらかわし,ひらかわ,Hirakawa,Hirakawa
東津軽郡,ひがしつがるぐん,ひがしつがる,Higashitsugaru,Higasitugaru
平内町,ひらないまち,ひらない,Hiranai,Hiranai
今別町,いまべつまち,いまべつ,Imabetsu,Imabetu
蓬田村,よもぎたむら,よもぎた,Yomogita,Yomogita
外ヶ浜町,そとがはままち,そとがはま,Sotogahama,Sotogahama
西津軽郡,にしつがるぐん,にしつがる,Nishitsugaru,Nisitugaru
鰺ヶ沢町,あじがさわまち,あじがさわ,Ajigasawa,Azigasawa
深浦町,ふかうらまち,ふかうら,Fukaura,Hukaura
中津軽郡,なかつがるぐん,なかつがる,Nakatsugaru,Nakatugaru
西目屋村,にしめやむら,にしめや,Nishimeya,Nisimeya
南津軽郡,みなみつがるぐん,みなみつがる,Minamitsugaru,Minamitugaru
藤崎町,ふじさきまち,ふじさき,Fujisaki,Huzisaki
大鰐町,おおわにまち,おおわに,Owani,owani
田舎館村,いなかだてむら,いなかだて,Inakadate,Inakadate
北津軽郡,きたつがるぐん,きたつがる,Kitatsugaru,Kitatugaru
板柳町,いたやなぎまち,いたやなぎ,Itayanagi,Itayanagi
鶴田町,つるたまち,つるた,Tsuruta,Turuta
中泊町,なかどまりまち,なかどまり,Nakadomari,Nakadomari
上北郡,かみきたぐん,かみきた,Kamikita,Kamikita
野辺地町,のへじまち,のへじ,Noheji,Nohezi
七戸町,しちのへまち,しちのへ,Shichinohe,Sitinohe
六戸町,ろくのへまち,ろくのへ,Rokunohe,Rokunohe
横浜町,よこはままち,よこはま,Yokohama,Yokohama
東北町,とうほくまち,とうほく,Tohoku,Tohoku
六ヶ所村,ろっかしょむら,ろっかしょ,Rokkasho,Rokkasyo
おいらせ町,おいらせちょう,おいらせ,Oirase,Oirase
下北郡,しもきたぐん,しもきた,Shimokita,Simokita
大間町,おおままち,おおま,oma,oma
東通村,ひがしどおりむら,ひがしどおり,Higashidori,Higasidori
風間浦村,かざまうらむら,かざまうら,Kazamaura,Kazamaura
佐井村,さいむら,さい,Sai,Sai
三戸郡,さんのへぐん,さんのへ,Sannohe,Sannohe
三戸町,さんのへまち,さんのへ,Sannohe,Sannohe
五戸町,ごのへまち,ごのへ,Gonohe,Gonohe
田子町,たつこまち,たつこ,Tatsuko,Tatuko
南部町,なんぶまち,なんぶ,Nanbu,Nanbu
階上町,はしかみちょう,はしかみ,Hashikami,Hasikami
新郷村,しんごうむら,しんごう,Shingo,Singo
岩手県,いわてけん,いわて,Iwate,Iwate
盛岡市,もりおかし,もりおか,Morioka,Morioka
宮古市,みやこし,みやこ,Miyako,Miyako
大船渡市,おおふなとし,おおふなと,ofunato,ohunato
花巻市,はなまきし,はなまき,Hanamaki,Hanamaki
北上市,きたかみし,きたかみ,Kitakami,Kitakami
久慈市,くじし,くじ,Kuji,Kuzi
遠野市,とおのし,とおの,Tono,Tono
一関市,いちのせきし,いちのせき,Ichinoseki,Itinoseki
陸前高田市,りくぜんたかたし,りくぜんたかた,Rikuzentakata,Rikuzentakata
釜石市,かまいしし,かまいし,Kamaishi,Kamaisi
二戸市,にのへし,にのへ,Ninohe,Ninohe
八幡平市,はちまんたいし,はちまんたい,Hachimantai,Hatimantai
奥州市,おうしゅうし,おうしゅう,oshu,osyu
岩手郡,いわてぐん,いわて,Iwate,Iwate
雫石町,しずくいしちょう,しずくいし,Shizukuishi,Sizukuisi
葛巻町,くずまきまち,くずまき,Kuzumaki,Kuzumaki
岩手町,いわてまち,いわて,Iwate,Iwate
滝沢村,たきざわむら,たきざわ,Takizawa,Takizawa
紫波郡,しわぐん,しわ,Shiwa,Siwa
紫波町,しわちょう,しわ,Shiwa,Siwa
矢巾町,やはばちょう,やはば,Yahaba,Yahaba
和賀郡,わがぐん,わが,Waga,Waga
西和賀町,にしわがまち,にしわが,Nishiwaga,Nisiwaga
胆沢郡,いさわぐん,いさわ,Isawa,Isawa
金ヶ崎町,かねがさきちょう,かねがさき,Kanegasaki,Kanegasaki
西磐井郡,にしいわいぐん,にしいわい,Nishiiwai,Nisiiwai
平泉町,ひらいずみちょう,ひらいずみ,Hiraizumi,Hiraizumi
気仙郡,けせんぐん,けせん,Kesen,Kesen
住田町,すみたちょう,すみた,Sumita,Sumita
上閉伊郡,かみへいぐん,かみへい,Kamihei,Kamihei
大槌町,おおつちちょう,おおつち,otsuchi,otuti
下閉伊郡,しもへいぐん,しもへい,Shimohei,Simohei
山田町,やまだまち,やまだ,Yamada,Yamada
岩泉町,いわいずみちょう,いわいずみ,Iwaizumi,Iwaizumi
田野畑村,たのはたむら,たのはた,Tanohata,Tanohata
普代村,ふだいむら,ふだい,Fudai,Hudai
九戸郡,くのへぐん,くのへ,Kunohe,Kunohe
軽米町,かるまいまち,かるまい,Karumai,Karumai
野田村,のだむら,のだ,Noda,Noda
九戸村,くのへむら,くのへ,Kunohe,Kunohe
洋野町,ひろのちょう,ひろの,Hirono,Hirono
二戸郡,にのへぐん,にのへ,Ninohe,Ninohe
一戸町,いちのへまち,いちのへ,Ichinohe,Itinohe
宮城県,みやぎけん,みやぎ,Miyagi,Miyagi
仙台市,せんだいし,せんだい,Sendai,Sendai
青葉区,あおばく,あおば,Aoba,Aoba
宮城野区,みやぎのく,みやぎの,Miyagino,Miyagino
若林区,わかばやしく,わかばやし,Wakabayashi,Wakabayasi
太白区,たいはくく,たいはく,Taihaku,Taihaku
泉区,いずみく,いずみ,Izumi,Izumi
石巻市,いしのまきし,いしのまき,Ishinomaki,Isinomaki
塩竈市,しおがまし,しおがま,Shiogama,Siogama
気仙沼市,けせんぬまし,けせんぬま,Kesennuma,Kesennuma
白石市,しろいしし,しろいし,Shiroishi,Siroisi
名取市,なとりし,なとり,Natori,Natori
角田市,かくだし,かくだ,Kakuda,Kakuda
多賀城市,たがじょうし,たがじょう,Tagajo,Tagazyo
岩沼市,いわぬまし,いわぬま,Iwanuma,Iwanuma
登米市,とめし,とめ,Tome,Tome
栗原市,くりはらし,くりはら,Kurihara,Kurihara
東松島市,ひがしまつしまし,ひがしまつしま,Higashimatsushima,Higasimatusima
大崎市,おおさきし,おおさき,osaki,osaki
刈田郡,かったぐん,かった,Katta,Katta
蔵王町,ざおうまち,ざおう,Zao,Zao
七ヶ宿町,しちかしゅくまち,しちかしゅく,Shichikashuku,Sitikasyuku
柴田郡,しばたぐん,しばた,Shibata,Sibata
大河原町,おおがわらまち,おおがわら,ogawara,ogawara
村田町,むらたまち,むらた,Murata,Murata
柴田町,しばたまち,しばた,Shibata,Sibata
川崎町,かわさきまち,かわさき,Kawasaki,Kawasaki
伊具郡,いぐぐん,いぐ,Igu,Igu
丸森町,まるもりまち,まるもり,Marumori,Marumori
亘理郡,わたりぐん,わたり,Watari,Watari
亘理町,わたりちょう,わたり,Watari,Watari
山元町,やまもとちょう,やまもと,Yamamoto,Yamamoto
宮城郡,みやぎぐん,みやぎ,Miyagi,Miyagi
松島町,まつしままち,まつしま,Matsushima,Matusima
七ヶ浜町,しちがはままち,しちがはま,Shichigahama,Sitigahama
利府町,りふちょう,りふ,Rifu,Rihu
黒川郡,くろかわぐん,くろかわ,Kurokawa,Kurokawa
大和町,たいわちょう,たいわ,Taiwa,Taiwa
大郷町,おおさとちょう,おおさと,osato,osato
富谷町,とみやまち,とみや,Tomiya,Tomiya
大衡村,おおひらむら,おおひら,ohira,ohira
加美郡,かみぐん,かみ,Kami,Kami
色麻町,しかまちょう,しかま,Shikama,Sikama
加美町,かみまち,かみ,Kami,Kami
遠田郡,とおだぐん,とおだ,Toda,Toda
涌谷町,わくやちょう,わくや,Wakuya,Wakuya
美里町,みさとまち,みさと,Misato,Misato
牡鹿郡,おしかぐん,おしか,Oshika,Osika
女川町,おながわちょう,おながわ,Onagawa,Onagawa
本吉郡,もとよしぐん,もとよし,Motoyoshi,Motoyosi
南三陸町,みなみさんりくちょう,みなみさんりく,Minamisanriku,Minamisanriku
秋田県,あきたけん,あきた,Akita,Akita
秋田市,あきたし,あきた,Akita,Akita
能代市,のしろし,のしろ,Noshiro,Nosiro
横手市,よこてし,よこて,Yokote,Yokote
大館市,おおだてし,おおだて,odate,odate
男鹿市,おがし,おが,Oga,Oga
湯沢市,ゆざわし,ゆざわ,Yuzawa,Yuzawa
鹿角市,かづのし,かづの,Kazuno,Kazuno
由利本荘市,ゆりほんじょうし,ゆりほんじょう,Yurihonjo,Yurihonzyo
潟上市,かたがみし,かたがみ,Katagami,Katagami
大仙市,だいせんし,だいせん,Daisen,Daisen
北秋田市,きたあきたし,きたあきた,Kitaakita,Kitaakita
にかほ市,にかほし,にかほ,Nikaho,Nikaho
仙北市,せんぼくし,せんぼく,Senboku,Senboku
鹿角郡,かづのぐん,かづの,Kazuno,Kazuno
小坂町,こさかまち,こさか,Kosaka,Kosaka
北秋田郡,きたあきたぐん,きたあきた,Kitaakita,Kitaakita
上小阿仁村,かみこあにむら,かみこあに,Kamikoani,Kamikoani
山本郡,やまもとぐん,やまもと,Yamamoto,Yamamoto
藤里町,ふじさとまち,ふじさと,Fujisato,Huzisato
三種町,みたねちょう,みたね,Mitane,Mitane
八峰町,はっぽうちょう,はっぽう,Happo,Happo
南秋田郡,みなみあきたぐん,みなみあきた,Minamiakita,Minamiakita
五城目町,ごじょうめまち,ごじょうめ,Gojome,Gozyome
八郎潟町,はちろうがたまち,はちろうがた,Hachirogata,Hatirogata
井川町,いかわまち,いかわ,Ikawa,Ikawa
大潟村,おおがたむら,おおがた,ogata,ogata
仙北郡,せんぼくぐん,せんぼく,Senboku,Senboku
美郷町,みさとちょう,みさと,Misato,Misato
雄勝郡,おがちぐん,おがち,Ogachi,Ogati
羽後町,うごまち,うご,Ugo,Ugo
東成瀬村,ひがしなるせむら,ひがしなるせ,Higashinaruse,Higasinaruse
山形県,やまがたけん,やまがた,Yamagata,Yamagata
山形市,やまがたし,やまがた,Yamagata,Yamagata
米沢市,よねざわし,よねざわ,Yonezawa,Yonezawa
鶴岡市,つるおかし,つるおか,Tsuruoka,Turuoka
酒田市,さかたし,さかた,Sakata,Sakata
新庄市,しんじょうし,しんじょう,Shinjo,Sinzyo
寒河江市,さがえし,さがえ,Sagae,Sagae
上山市,かみのやまし,かみのやま,Kaminoyama,Kaminoyama
村山市,むらやまし,むらやま,Murayama,Murayama
長井市,ながいし,ながい,Nagai,Nagai
天童市,てんどうし,てんどう,Tendo,Tendo
東根市,ひがしねし,ひがしね,Higashine,Higasine
尾花沢市,おばなざわし,おばなざわ,Obanazawa,Obanazawa
南陽市,なんようし,なんよう,Nanyo,Nan'yo
東村山郡,ひがしむらやまぐん,ひがしむらやま,Higashimurayama,Higasimurayama
山辺町,やまのべまち,やまのべ,Yamanobe,Yamanobe
中山町,なかやままち,なかやま,Nakayama,Nakayama
西村山郡,にしむらやまぐん,にしむらやま,Nishimurayama,Nisimurayama
河北町,かほくちょう,かほく,Kahoku,Kahoku
西川町,にしかわまち,にしかわ,Nishikawa,Nisikawa
朝日町,あさひまち,あさひ,Asahi,Asahi
大江町,おおえまち,おおえ,oe,oe
北村山郡,きたむらやまぐん,きたむらやま,Kitamurayama,Kitamurayama
大石田町,おおいしだまち,おおいしだ,oishida,oisida
最上郡,もがみぐん,もがみ,Mogami,Mogami
金山町,かねやままち,かねやま,Kaneyama,Kaneyama
最上町,もがみまち,もがみ,Mogami,Mogami
舟形町,ふながたまち,ふながた,Funagata,Hunagata
真室川町,まむろがわまち,まむろがわ,Mamurogawa,Mamurogawa
大蔵村,おおくらむら,おおくら,okura,okura
鮭川村,さけがわむら,さけがわ,Sakegawa,Sakegawa
戸沢村,とざわむら,とざわ,Tozawa,Tozawa
東置賜郡,ひがしおきたまぐん,ひがしおきたま,Higashiokitama,Higasiokitama
高畠町,たかはたまち,たかはた,Takahata,Takahata
川西町,かわにしまち,かわにし,Kawanishi,Kawanisi
西置賜郡,にしおきたまぐん,にしおきたま,Nishiokitama,Nisiokitama
小国町,おぐにまち,おぐに,Oguni,Oguni
白鷹町,しらたかまち,しらたか,Shirataka,Sirataka
飯豊町,いいでまち,いいで,Iide,Iide
東田川郡,ひがしたがわぐん,ひがしたがわ,Higashitagawa,Higasitagawa
三川町,みかわまち,みかわ,Mikawa,Mikawa
庄内町,しょうないまち,しょうない,Shonai,Syonai
飽海郡,あくみぐん,あくみ,Akumi,Akumi
遊佐町,ゆざまち,ゆざ,Yuza,Yuza
福島県,ふくしまけん,ふくしま,Fukushima,Hukusima
福島市,ふくしまし,ふくしま,Fukushima,Hukusima
会津若松市,あいづわかまつし,あいづわかまつ,Aizuwakamatsu,Aizuwakamatu
郡山市,こおりやまし,こおりやま,Koriyama,Koriyama
いわき市,いわきし,いわき,Iwaki,Iwaki
白河市,しらかわし,しらかわ,Shirakawa,Sirakawa
須賀川市,すかがわし,すかがわ,Sukagawa,Sukagawa
喜多方市,きたかたし,きたかた,Kitakata,Kitakata
相馬市,そうまし,そうま,Soma,Soma
二本松市,にほんまつし,にほんまつ,Nihonmatsu,Nihonmatu
田村市,たむらし,たむら,Tamura,Tamura
南相馬市,みなみそうまし,みなみそうま,Minamisoma,Minamisoma
伊達市,だてし,だて,Date,Date
本宮市,もとみやし,もとみや,Motomiya,Motomiya
伊達郡,だてぐん,だて,Date,Date
桑折町,こおりまち,こおり,Kori,Kori
国見町,くにみまち,くにみ,Kunimi,Kunimi
川俣町,かわまたまち,かわまた,Kawamata,Kawamata
安達郡,あだちぐん,あだち,Adachi,Adati
大玉村,おおたまむら,おおたま,otama,otama
岩瀬郡,いわせぐん,いわせ,Iwase,Iwase
鏡石町,かがみいしまち,かがみいし,Kagamiishi,Kagamiisi
天栄村,てんえいむら,てんえい,Tenei,Ten'ei
南会津郡,みなみあいづぐん,みなみあいづ,Minamiaizu,Minamiaizu
下郷町,しもごうまち,しもごう,Shimogo,Simogo
檜枝岐村,ひのえまたむら,ひのえまた,Hinoemata,Hinoemata
只見町,ただみまち,ただみ,Tadami,Tadami
南会津町,みなみあいづまち,みなみあいづ,Minamiaizu,Minamiaizu
耶麻郡,やまぐん,やま,Yama,Yama
北塩原村,きたしおばらむら,きたしおばら,Kitashiobara,Kitasiobara
西会津町,にしあいづまち,にしあいづ,Nishiaizu,Nisiaizu
磐梯町,ばんだいまち,ばんだい,Bandai,Bandai
猪苗代町,いなわしろまち,いなわしろ,Inawashiro,Inawasiro
河沼郡,かわぬまぐん,かわぬま,Kawanuma,Kawanuma
会津坂下町,あいづばんげまち,あいづばんげ,Aizubange,Aizubange
湯川村,ゆがわむら,ゆがわ,Yugawa,Yugawa
柳津町,やないづまち,やないづ,Yanaizu,Yanaizu
大沼郡,おおぬまぐん,おおぬま,onuma,onuma
三島町,みしままち,みしま,Mishima,Misima
金山町,かねやままち,かねやま,Kaneyama,Kaneyama
昭和村,しょうわむら,しょうわ,Showa,Syowa
会津美里町,あいづみさとまち,あいづみさと,Aizumisato,Aizumisato
西白河郡,にししらかわぐん,にししらかわ,Nishishirakawa,Nisisirakawa
西郷村,にしごうむら,にしごう,Nishigo,Nisigo
泉崎村,いずみざきむら,いずみざき,Izumizaki,Izumizaki
中島村,なかじまむら,なかじま,Nakajima,Nakazima
矢吹町,やぶきまち,やぶき,Yabuki,Yabuki
東白川郡,ひがししらかわぐん,ひがししらかわ,Higashishirakawa,Higasisirakawa
棚倉町,たなぐらまち,たなぐら,Tanagura,Tanagura
矢祭町,やまつりまち,やまつり,Yamatsuri,Yamaturi
塙町,はなわまち,はなわ,Hanawa,Hanawa
鮫川村,さめがわむら,さめがわ,Samegawa,Samegawa
石川郡,いしかわぐん,いしかわ,Ishikawa,Isikawa
石川町,いしかわまち,いしかわ,Ishikawa,Isikawa
玉川村,たまかわむら,たまかわ,Tamakawa,Tamakawa
平田村,ひらたむら,ひらた,Hirata,Hirata
浅川町,あさかわまち,あさかわ,Asakawa,Asakawa
古殿町,ふるどのまち,ふるどの,Furudono,Hurudono
田村郡,たむらぐん,たむら,Tamura,Tamura
三春町,みはるまち,みはる,Miharu,Miharu
小野町,おのまち,おの,Ono,Ono
双葉郡,ふたばぐん,ふたば,Futaba,Hutaba
広野町,ひろのまち,ひろの,Hirono,Hirono
楢葉町,ならはまち,ならは,Naraha,Naraha
富岡町,とみおかまち,とみおか,Tomioka,Tomioka
川内村,かわうちむら,かわうち,Kawauchi,Kawauti
大熊町,おおくままち,おおくま,okuma,okuma
双葉町,ふたばまち,ふたば,Futaba,Hutaba
浪江町,なみえまち,なみえ,Namie,Namie
葛尾村,かつらおむら,かつらお,Katsurao,Katurao
相馬郡,そうまぐん,そうま,Soma,Soma
新地町,しんちまち,しんち,Shinchi,Sinti
飯舘村,いいたてむら,いいたて,Iitate,Iitate
茨城県,いばらきけん,いばらき,Ibaraki,Ibaraki
水戸市,みとし,みと,Mito,Mito
日立市,ひたちし,ひたち,Hitachi,Hitati
土浦市,つちうらし,つちうら,Tsuchiura,Tutiura
古河市,こがし,こが,Koga,Koga
石岡市,いしおかし,いしおか,Ishioka,Isioka
結城市,ゆうきし,ゆうき,Yuki,Yuki
龍ヶ崎市,りゅうがさきし,りゅうがさき,Ryugasaki,Ryugasaki
下妻市,しもつまし,しもつま,Shimotsuma,Simotuma
常総市,じょうそうし,じょうそう,Joso,Zyoso
常陸太田市,ひたちおおたし,ひたちおおた,Hitachiota,Hitatiota
高萩市,たかはぎし,たかはぎ,Takahagi,Takahagi
北茨城市,きたいばらきし,きたいばらき,Kitaibaraki,Kitaibaraki
笠間市,かさまし,かさま,Kasama,Kasama
取手市,とりでし,とりで,Toride,Toride
牛久市,うしくし,うしく,Ushiku,Usiku
つくば市,つくばし,つくば,Tsukuba,Tukuba
ひたちなか市,ひたちなかし,ひたちなか,Hitachinaka,Hitatinaka
鹿嶋市,かしまし,かしま,Kashima,Kasima
潮来市,いたこし,いたこ,Itako,Itako
守谷市,もりやし,もりや,Moriya,Moriya
常陸大宮市,ひたちおおみやし,ひたちおおみや,Hitachiomiya,Hitatiomiya
那珂市,なかし,なか,Naka,Naka
筑西市,ちくせいし,ちくせい,Chikusei,Tikusei
坂東市,ばんどうし,ばんどう,Bando,Bando
稲敷市,いなしきし,いなしき,Inashiki,Inasiki
かすみがうら市,かすみがうらし,かすみがうら,Kasumigaura,Kasumigaura
桜川市,さくらがわし,さくらがわ,Sakuragawa,Sakuragawa
神栖市,かみすし,かみす,Kamisu,Kamisu
行方市,なめがたし,なめがた,Namegata,Namegata
鉾田市,ほこたし,ほこた,Hokota,Hokota
つくばみらい市,つくばみらいし,つくばみらい,Tsukubamirai,Tukubamirai
小美玉市,おみたまし,おみたま,Omitama,Omitama
東茨城郡,ひがしいばらきぐん,ひがしいばらき,Higashiibaraki,Higasiibaraki
茨城町,いばらきまち,いばらき,Ibaraki,Ibaraki
大洗町,おおあらいまち,おおあらい,oarai,oarai
城里町,しろさとまち,しろさと,Shirosato,Sirosato
那珂郡,なかぐん,なか,Naka,Naka
東海村,とうかいむら,とうかい,Tokai,Tokai
久慈郡,くじぐん,くじ,Kuji,Kuzi
大子町,だいごまち,だいご,Daigo,Daigo
稲敷郡,いなしきぐん,いなしき,Inashiki,Inasiki
美浦村,みほむら,みほ,Miho,Miho
阿見町,あみまち,あみ,Ami,Ami
河内町,かわちまち,かわち,Kawachi,Kawati
結城郡,ゆうきぐん,ゆうき,Yuki,Yuki
八千代町,やちよまち,やちよ,Yachiyo,Yatiyo
猿島郡,さしまぐん,さしま,Sashima,Sasima
五霞町,ごかまち,ごか,Goka,Goka
境町,さかいまち,さかい,Sakai,Sakai
北相馬郡,きたそうまぐん,きたそうま,Kitasoma,Kitasoma
利根町,とねまち,とね,Tone,Tone
栃木県,とちぎけん,とちぎ,Tochigi,Totigi
宇都宮市,うつのみやし,うつのみや,Utsunomiya,Utunomiya
足利市,あしかがし,あしかが,Ashikaga,Asikaga
栃木市,とちぎし,とちぎ,Tochigi,Totigi
佐野市,さのし,さの,Sano,Sano
鹿沼市,かぬまし,かぬま,Kanuma,Kanuma
日光市,にっこうし,にっこう,Nikko,Nikko
小山市,おやまし,おやま,Oyama,Oyama
真岡市,もおかし,もおか,Moka,Moka
大田原市,おおたわらし,おおたわら,otawara,otawara
矢板市,やいたし,やいた,Yaita,Yaita
那須塩原市,なすしおばらし,なすしおばら,Nasushiobara,Nasusiobara
さくら市,さくらし,さくら,Sakura,Sakura
那須烏山市,なすからすやまし,なすからすやま,Nasukarasuyama,Nasukarasuyama
下野市,しもつけし,しもつけ,Shimotsuke,Simotuke
河内郡,かわちぐん,かわち,Kawachi,Kawati
上三川町,かみのかわまち,かみのかわ,Kaminokawa,Kaminokawa
芳賀郡,はがぐん,はが,Haga,Haga
益子町,ましこまち,ましこ,Mashiko,Masiko
茂木町,もてぎまち,もてぎ,Motegi,Motegi
市貝町,いちかいまち,いちかい,Ichikai,Itikai
芳賀町,はがまち,はが,Haga,Haga
下都賀郡,しもつがぐん,しもつが,Shimotsuga,Simotuga
壬生町,みぶまち,みぶ,Mibu,Mibu
野木町,のぎまち,のぎ,Nogi,Nogi
岩舟町,いわふねまち,いわふね,Iwafune,Iwahune
塩谷郡,しおやぐん,しおや,Shioya,Sioya
塩谷町,しおやまち,しおや,Shioya,Sioya
高根沢町,たかねざわまち,たかねざわ,Takanezawa,Takanezawa
那須郡,なすぐん,なす,Nasu,Nasu
那須町,なすまち,なす,Nasu,Nasu
那珂川町,なかがわまち,なかがわ,Nakagawa,Nakagawa
群馬県,ぐんまけん,ぐんま,Gunma,Gunma
前橋市,まえばしし,まえばし,Maebashi,Maebasi
高崎市,たかさきし,たかさき,Takasaki,Takasaki
桐生市,きりゅうし,きりゅう,Kiryu,Kiryu
伊勢崎市,いせさきし,いせさき,Isesaki,Isesaki
太田市,おおたし,おおた,ota,ota
沼田市,ぬまたし,ぬまた,Numata,Numata
館林市,たてばやしし,たてばやし,Tatebayashi,Tatebayasi
渋川市,しぶかわし,しぶかわ,Shibukawa,Sibukawa
藤岡市,ふじおかし,ふじおか,Fujioka,Huzioka
富岡市,とみおかし,とみおか,Tomioka,Tomioka
安中市,あんなかし,あんなか,Annaka,Annaka
みどり市,みどりし,みどり,Midori,Midori
北群馬郡,きたぐんまぐん,きたぐんま,Kitagunma,Kitagunma
榛東村,しんとうむら,しんとう,Shinto,Sinto
吉岡町,よしおかまち,よしおか,Yoshioka,Yosioka
多野郡,たのぐん,たの,Tano,Tano
上野村,うえのむら,うえの,Ueno,Ueno
神流町,かんなまち,かんな,Kanna,Kanna
甘楽郡,かんらぐん,かんら,Kanra,Kanra
下仁田町,しもにたまち,しもにた,Shimonita,Simonita
南牧村,なんもくむら,なんもく,Nanmoku,Nanmoku
甘楽町,かんらまち,かんら,Kanra,Kanra
吾妻郡,あがつまぐん,あがつま,Agatsuma,Agatuma
中之条町,なかのじょうまち,なかのじょう,Nakanojo,Nakanozyo
長野原町,ながのはらまち,ながのはら,Naganohara,Naganohara
嬬恋村,つまごいむら,つまごい,Tsumagoi,Tumagoi
草津町,くさつまち,くさつ,Kusatsu,Kusatu
高山村,たかやまむら,たかやま,Takayama,Takayama
東吾妻町,ひがしあがつままち,ひがしあがつま,Higashiagatsuma,Higasiagatuma
利根郡,とねぐん,とね,Tone,Tone
片品村,かたしなむら,かたしな,Katashina,Katasina
川場村,かわばむら,かわば,Kawaba,Kawaba
昭和村,しょうわむら,しょうわ,Showa,Syowa
みなかみ町,みなかみまち,みなかみ,Minakami,Minakami
佐波郡,さわぐん,さわ,Sawa,Sawa
玉村町,たまむらまち,たまむら,Tamamura,Tamamura
邑楽郡,おうらぐん,おうら,ora,ora
板倉町,いたくらまち,いたくら,Itakura,Itakura
明和町,めいわまち,めいわ,Meiwa,Meiwa
千代田町,ちよだまち,ちよだ,Chiyoda,Tiyoda
大泉町,おおいずみまち,おおいずみ,oizumi,oizumi
邑楽町,おうらまち,おうら,ora,ora
埼玉県,さいたまけん,さいたま,Saitama,Saitama
さいたま市,さいたまし,さいたま,Saitama,Saitama
西区,にしく,にし,Nishi,Nisi
北区,きたく,きた,Kita,Kita
大宮区,おおみやく,おおみや,omiya,omiya
見沼区,みぬまく,みぬま,Minuma,Minuma
中央区,ちゅうおうく,ちゅうおう,Chuo,Tyuo
桜区,さくらく,さくら,Sakura,Sakura
浦和区,うらわく,うらわ,Urawa,Urawa
南区,みなみく,みなみ,Minami,Minami
緑区,みどりく,みどり,Midori,Midori
岩槻区,いわつきく,いわつき,Iwatsuki,Iwatuki
川越市,かわごえし,かわごえ,Kawagoe,Kawagoe
熊谷市,くまがやし,くまがや,Kumagaya,Kumagaya
川口市,かわぐちし,かわぐち,Kawaguchi,Kawaguti
行田市,ぎょうだし,ぎょうだ,Gyoda,Gyoda
秩父市,ちちぶし,ちちぶ,Chichibu,Titibu
所沢市,ところざわし,ところざわ,Tokorozawa,Tokorozawa
飯能市,はんのうし,はんのう,Hanno,Hanno
加須市,かぞし,かぞ,Kazo,Kazo
本庄市,ほんじょうし,ほんじょう,Honjo,Honzyo
東松山市,ひがしまつやまし,ひがしまつやま,Higashimatsuyama,Higasimatuyama
春日部市,かすかべし,かすかべ,Kasukabe,Kasukabe
狭山市,さやまし,さやま,Sayama,Sayama
羽生市,はにゅうし,はにゅう,Hanyu,Hanyu
鴻巣市,こうのすし,こうのす,Konosu,Konosu
深谷市,ふかやし,ふかや,Fukaya,Hukaya
上尾市,あげおし,あげお,Ageo,Ageo
草加市,そうかし,そうか,Soka,Soka
越谷市,こしがやし,こしがや,Koshigaya,Kosigaya
蕨市,わらびし,わらび,Warabi,Warabi
戸田市,とだし,とだ,Toda,Toda
入間市,いるまし,いるま,Iruma,Iruma
朝霞市,あさかし,あさか,Asaka,Asaka
志木市,しきし,しき,Shiki,Siki
和光市,わこうし,わこう,Wako,Wako
新座市,にいざし,にいざ,Niiza,Niiza
桶川市,おけがわし,おけがわ,Okegawa,Okegawa
久喜市,くきし,くき,Kuki,Kuki
北本市,きたもとし,きたもと,Kitamoto,Kitamoto
八潮市,やしおし,やしお,Yashio,Yasio
富士見市,ふじみし,ふじみ,Fujimi,Huzimi
三郷市,みさとし,みさと,Misato,Misato
蓮田市,はすだし,はすだ,Hasuda,Hasuda
坂戸市,さかどし,さかど,Sakado,Sakado
幸手市,さってし,さって,Satte,Satte
鶴ヶ島市,つるがしまし,つるがしま,Tsurugashima,Turugasima
日高市,ひだかし,ひだか,Hidaka,Hidaka
吉川市,よしかわし,よしかわ,Yoshikawa,Yosikawa
ふじみ野市,ふじみのし,ふじみの,Fujimino,Huzimino
白岡市,しらおかし,しらおか,Shiraoka,Siraoka
北足立郡,きたあだちぐん,きたあだち,Kitaadachi,Kitaadati
伊奈町,いなまち,いな,Ina,Ina
入間郡,いるまぐん,いるま,Iruma,Iruma
三芳町,みよしまち,みよし,Miyoshi,Miyosi
毛呂山町,もろやままち,もろやま,Moroyama,Moroyama
越生町,おごせまち,おごせ,Ogose,Ogose
比企郡,ひきぐん,ひき,Hiki,Hiki
滑川町,なめがわまち,なめがわ,Namegawa,Namegawa
嵐山町,らんざんまち,らんざん,Ranzan,Ranzan
小川町,おがわまち,おがわ,Ogawa,Ogawa
川島町,かわじままち,かわじま,Kawajima,Kawazima
吉見町,よしみまち,よしみ,Yoshimi,Yosimi
鳩山町,はとやままち,はとやま,Hatoyama,Hatoyama
ときがわ町,ときがわまち,ときがわ,Tokigawa,Tokigawa
秩父郡,ちちぶぐん,ちちぶ,Chichibu,Titibu
横瀬町,よこぜまち,よこぜ,Yokoze,Yokoze
皆野町,みなのまち,みなの,Minano,Minano
長瀞町,ながとろまち,ながとろ,Nagatoro,Nagatoro
小鹿野町,おがのまち,おがの,Ogano,Ogano
東秩父村,ひがしちちぶむら,ひがしちちぶ,Higashichichibu,Higasititibu
児玉郡,こだまぐん,こだま,Kodama,Kodama
美里町,みさとまち,みさと,Misato,Misato
神川町,かみかわまち,かみかわ,Kamikawa,Kamikawa
上里町,かみさとまち,かみさと,Kamisato,Kamisato
大里郡,おおさとぐん,おおさと,osato,osato
寄居町,よりいまち,よりい,Yorii,Yorii
南埼玉郡,みなみさいたまぐん,みなみさいたま,Minamisaitama,Minamisaitama
宮代町,みやしろまち,みやしろ,Miyashiro,Miyasiro
北葛飾郡,きたかつしかぐん,きたかつしか,Kitakatsushika,Kitakatusika
杉戸町,すぎとまち,すぎと,Sugito,Sugito
松伏町,まつぶしまち,まつぶし,Matsubushi,Matubusi
千葉県,ちばけん,ちば,Chiba,Tiba
千葉市,ちばし,ちば,Chiba,Tiba
中央区,ちゅうおうく,ちゅうおう,Chuo,Tyuo
花見川区,はなみがわく,はなみがわ,Hanamigawa,Hanamigawa
稲毛区,いなげく,いなげ,Inage,Inage
若葉区,わかばく,わかば,Wakaba,Wakaba
緑区,みどりく,みどり,Midori,Midori
美浜区,みはまく,みはま,Mihama,Mihama
銚子市,ちょうしし,ちょうし,Choshi,Tyosi
市川市,いちかわし,いちかわ,Ichikawa,Itikawa
船橋市,ふなばしし,ふなばし,Funabashi,Hunabasi
館山市,たてやまし,たてやま,Tateyama,Tateyama
木更津市,きさらづし,きさらづ,Kisarazu,Kisarazu
松戸市,まつどし,まつど,Matsudo,Matudo
野田市,のだし,のだ,Noda,Noda
茂原市,もばらし,もばら,Mobara,Mobara
成田市,なりたし,なりた,Narita,Narita
佐倉市,さくらし,さくら,Sakura,Sakura
東金市,とうがねし,とうがね,Togane,Togane
旭市,あさひし,あさひ,Asahi,Asahi
習志野市,ならしのし,ならしの,Narashino,Narasino
柏市,かしわし,かしわ,Kashiwa,Kasiwa
勝浦市,かつうらし,かつうら,Katsuura,Katuura
市原市,いちはらし,いちはら,Ichihara,Itihara
流山市,ながれやまし,ながれやま,Nagareyama,Nagareyama
八千代市,やちよし,やちよ,Yachiyo,Yatiyo
我孫子市,あびこし,あびこ,Abiko,Abiko
鴨川市,かもがわし,かもがわ,Kamogawa,Kamogawa
鎌ヶ谷市,かまがやし,かまがや,Kamagaya,Kamagaya
君津市,きみつし,きみつ,Kimitsu,Kimitu
富津市,ふっつし,ふっつ,Futtsu,Huttu
浦安市,うらやすし,うらやす,Urayasu,Urayasu
四街道市,よつかいどうし,よつかいどう,Yotsukaido,Yotukaido
袖ヶ浦市,そでがうらし,そでがうら,Sodegaura,Sodegaura
八街市,やちまたし,やちまた,Yachimata,Yatimata
印西市,いんざいし,いんざい,Inzai,Inzai
白井市,しろいし,しろい,Shiroi,Siroi
富里市,とみさとし,とみさと,Tomisato,Tomisato
南房総市,みなみぼうそうし,みなみぼうそう,Minamiboso,Minamiboso
匝瑳市,そうさし,そうさ,Sosa,Sosa
香取市,かとりし,かとり,Katori,Katori
山武市,さんむし,さんむ,Sanmu,Sanmu
いすみ市,いすみし,いすみ,Isumi,Isumi
印旛郡,いんばぐん,いんば,Inba,Inba
酒々井町,しすいまち,しすい,Shisui,Sisui
栄町,さかえまち,さかえ,Sakae,Sakae
香取郡,かとりぐん,かとり,Katori,Katori
神崎町,こうざきまち,こうざき,Kozaki,Kozaki
多古町,たこまち,たこ,Tako,Tako
東庄町,とうのしょうまち,とうのしょう,Tonosho,Tonosyo
山武郡,さんぶぐん,さんぶ,Sanbu,Sanbu
大網白里町,おおあみしらさとまち,おおあみしらさと,oamishirasato,oamisirasato
九十九里町,くじゅうくりまち,くじゅうくり,Kujukuri,Kuzyukuri
芝山町,しばやままち,しばやま,Shibayama,Sibayama
横芝光町,よこしばひかりまち,よこしばひかり,Yokoshibahikari,Yokosibahikari
長生郡,ちょうせいぐん,ちょうせい,Chossei,Tyosei
一宮町,いちのみやまち,いちのみや,Ichinomiya,Itinomiya
睦沢町,むつざわまち,むつざわ,Mutsuzawa,Mutuzawa
長生村,ちょうせいむら,ちょうせい,Chosei,Tyosei
白子町,しらこまち,しらこ,Shirako,Sirako
長柄町,ながらまち,ながら,Nagara,Nagara
長南町,ちょうなんまち,ちょうなん,Chonan,Tyonan
夷隅郡,いすみぐん,いすみ,Isumi,Isumi
大多喜町,おおたきまち,おおたき,otaki,otaki
御宿町,おんじゅくまち,おんじゅく,Onjuku,Onzyuku
安房郡,あわぐん,あわ,Awa,Awa
鋸南町,きょなんまち,きょなん,Kyonan,Kyonan
東京都,とうきょうと,とうきょう,Tokyo,Tokyo
千代田区,ちよだく,ちよだ,Chiyoda,Tiyoda
中央区,ちゅうおうく,ちゅうおう,Chuo,Tyuo
港区,みなとく,みなと,Minato,Minato
新宿区,しんじゅくく,しんじゅく,Shinjuku,Sinzyuku
文京区,ぶんきょうく,ぶんきょう,Bunkyo,Bunkyo
台東区,たいとうく,たいとう,Taito,Taito
墨田区,すみだく,すみだ,Sumida,Sumida
江東区,こうとうく,こうとう,Koto,Koto
品川区,しながわく,しながわ,Shinagawa,Sinagawa
目黒区,めぐろく,めぐろ,Meguro,Meguro
大田区,おおたく,おおた,ota,ota
世田谷区,せたがやく,せたがや,Setagaya,Setagaya
渋谷区,しぶやく,しぶや,Shibuya,Sibuya
中野区,なかのく,なかの,Nakano,Nakano
杉並区,すぎなみく,すぎなみ,Suginami,Suginami
豊島区,としまく,としま,Toshima,Tosima
北区,きたく,きた,Kita,Kita
荒川区,あらかわく,あらかわ,Arakawa,Arakawa
板橋区,いたばしく,いたばし,Itabashi,Itabasi
練馬区,ねりまく,ねりま,Nerima,Nerima
足立区,あだちく,あだち,Adachi,Adati
葛飾区,かつしかく,かつしか,Katsushika,Katusika
江戸川区,えどがわく,えどがわ,Edogawa,Edogawa
八王子市,はちおうじし,はちおうじ,Hachioji,Hatiozi
立川市,たちかわし,たちかわ,Tachikawa,Tatikawa
武蔵野市,むさしのし,むさしの,Musashino,Musasino
三鷹市,みたかし,みたか,Mitaka,Mitaka
青梅市,おうめし,おうめ,ome,ome
府中市,ふちゅうし,ふちゅう,Fuchu,Hutyu
昭島市,あきしまし,あきしま,Akishima,Akisima
調布市,ちょうふし,ちょうふ,Chofu,Tyohu
町田市,まちだし,まちだ,Machida,Matida
小金井市,こがねいし,こがねい,Koganei,Koganei
小平市,こだいらし,こだいら,Kodaira,Kodaira
日野市,ひのし,ひの,Hino,Hino
東村山市,ひがしむらやまし,ひがしむらやま,Higashimurayama,Higasimurayama
国分寺市,こくぶんじし,こくぶんじ,Kokubunji,Kokubunzi
国立市,くにたちし,くにたち,Kunitachi,Kunitati
福生市,ふっさし,ふっさ,Fussa,Hussa
狛江市,こまえし,こまえ,Komae,Komae
東大和市,ひがしやまとし,ひがしやまと,Higashiyamato,Higasiyamato
清瀬市,きよせし,きよせ,Kiyose,Kiyose
東久留米市,ひがしくるめし,ひがしくるめ,Higashikurume,Higasikurume
武蔵村山市,むさしむらやまし,むさしむらやま,Musashimurayama,Musasimurayama
多摩市,たまし,たま,Tama,Tama
稲城市,いなぎし,いなぎ,Inagi,Inagi
羽村市,はむらし,はむら,Hamura,Hamura
あきる野市,あきるのし,あきるの,Akiruno,Akiruno
西東京市,にしとうきょうし,にしとうきょう,Nishitokyo,Nisitokyo
西多摩郡,にしたまぐん,にしたま,Nishitama,Nisitama
瑞穂町,みずほまち,みずほ,Mizuho,Mizuho
日の出町,ひのでまち,ひので,Hinode,Hinode
檜原村,ひのはらむら,ひのはら,Hinohara,Hinohara
奥多摩町,おくたままち,おくたま,Okutama,Okutama
大島支庁,おおしましちょう,おおしま,oshima,osima
大島町,おおしままち,おおしま,oshima,osima
利島村,としまむら,としま,Toshima,Tosima
新島村,にいじまむら,にいじま,Niijima,Niizima
神津島村,こうづしまむら,こうづしま,Kozushima,Kozusima
三宅支庁,みやけしちょう,みやけ,Miyake,Miyake
三宅村,みやけむら,みやけ,Miyake,Miyake
御蔵島村,みくらじまむら,みくらじま,Mikurajima,Mikurazima
八丈支庁,はちじょうしちょう,はちじょう,Hachijo,Hatizyo
八丈町,はちじょうまち,はちじょう,Hachijo,Hatizyo
青ヶ島村,あおがしまむら,あおがしま,Aogashima,Aogasima
小笠原支庁,おがさわらしちょう,おがさわら,Ogasawara,Ogasawara
小笠原村,おがさわらむら,おがさわら,Ogasawara,Ogasawara
神奈川県,かながわけん,かながわ,Kanagawa,Kanagawa
横浜市,よこはまし,よこはま,Yokohama,Yokohama
鶴見区,つるみく,つるみ,Tsurumi,Turumi
神奈川区,かながわく,かながわ,Kanagawa,Kanagawa
西区,にしく,にし,Nishi,Nisi
中区,なかく,なか,Naka,Naka
南区,みなみく,みなみ,Minami,Minami
保土ヶ谷区,ほどがやく,ほどがや,Hodogaya,Hodogaya
磯子区,いそごく,いそご,Isogo,Isogo
金沢区,かなざわく,かなざわ,Kanazawa,Kanazawa
港北区,こうほくく,こうほく,Kohoku,Kohoku
戸塚区,とつかく,とつか,Totsuka,Totuka
港南区,こうなんく,こうなん,Konan,Konan
旭区,あさひく,あさひ,Asahi,Asahi
緑区,みどりく,みどり,Midori,Midori
瀬谷区,せやく,せや,Seya,Seya
栄区,さかえく,さかえ,Sakae,Sakae
泉区,いずみく,いずみ,Izumi,Izumi
青葉区,あおばく,あおば,Aoba,Aoba
都筑区,つづきく,つづき,Tsuzuki,Tuzuki
川崎市,かわさきし,かわさき,Kawasaki,Kawasaki
川崎区,かわさきく,かわさき,Kawasaki,Kawasaki
幸区,さいわいく,さいわい,Saiwai,Saiwai
中原区,なかはらく,なかはら,Nakahara,Nakahara
高津区,たかつく,たかつ,Takatsu,Takatu
多摩区,たまく,たま,Tama,Tama
宮前区,みやまえく,みやまえ,Miyamae,Miyamae
麻生区,あさおく,あさお,Asao,Asao
相模原市,さがみはらし,さがみはら,Sagamihara,Sagamihara
緑区,みどりく,みどり,Midori,Midori
中央区,ちゅうおうく,ちゅうおう,Chuo,Tyuo
南区,みなみく,みなみ,Minami,Minami
横須賀市,よこすかし,よこすか,Yokosuka,Yokosuka
平塚市,ひらつかし,ひらつか,Hiratsuka,Hiratuka
鎌倉市,かまくらし,かまくら,Kamakura,Kamakura
藤沢市,ふじさわし,ふじさわ,Fujisawa,Huzisawa
小田原市,おだわらし,おだわら,Odawara,Odawara
茅ヶ崎市,ちがさきし,ちがさき,Chigasaki,Tigasaki
逗子市,ずしし,ずし,Zushi,Zusi
三浦市,みうらし,みうら,Miura,Miura
秦野市,はだのし,はだの,Hadano,Hadano
厚木市,あつぎし,あつぎ,Atsugi,Atugi
大和市,やまとし,やまと,Yamato,Yamato
伊勢原市,いせはらし,いせはら,Isehara,Isehara
海老名市,えびなし,えびな,Ebina,Ebina
座間市,ざまし,ざま,Zama,Zama
南足柄市,みなみあしがらし,みなみあしがら,Minamiashigara,Minamiasigara
綾瀬市,あやせし,あやせ,Ayase,Ayase
三浦郡,みうらぐん,みうら,Miura,Miura
葉山町,はやままち,はやま,Hayama,Hayama
高座郡,こうざぐん,こうざ,Koza,Koza
寒川町,さむかわまち,さむかわ,Samukawa,Samukawa
中郡,なかぐん,なか,Naka,Naka
大磯町,おおいそまち,おおいそ,oiso,oiso
二宮町,にのみやまち,にのみや,Ninomiya,Ninomiya
足柄上郡,あしがらかみぐん,あしがらかみ,Ashigarakami,Asigarakami
中井町,なかいまち,なかい,Nakai,Nakai
大井町,おおいまち,おおい,oi,oi
松田町,まつだまち,まつだ,Matsuda,Matuda
山北町,やまきたまち,やまきた,Yamakita,Yamakita
開成町,かいせいまち,かいせい,Kaisei,Kaisei
足柄下郡,あしがらしもぐん,あしがらしも,Ashigarashimo,Asigarasimo
箱根町,はこねまち,はこね,Hakone,Hakone
真鶴町,まなづるまち,まなづる,Manazuru,Manazuru
湯河原町,ゆがわらまち,ゆがわら,Yugawara,Yugawara
愛甲郡,あいこうぐん,あいこう,Aiko,Aiko
愛川町,あいかわまち,あいかわ,Aikawa,Aikawa
清川村,きよかわむら,きよかわ,Kiyokawa,Kiyokawa
新潟県,にいがたけん,にいがた,Niigata,Niigata
新潟市,にいがたし,にいがた,Niigata,Niigata
北区,きたく,きた,Kita,Kita
東区,ひがしく,ひがし,Higashi,Higasi
中央区,ちゅうおうく,ちゅうおう,Chuo,Tyuo
江南区,こうなんく,こうなん,Konan,Konan
秋葉区,あきはく,あきは,Akiha,Akiha
南区,みなみく,みなみ,Minami,Minami
西区,にしく,にし,Nishi,Nisi
西蒲区,にしかんく,にしかん,Nishikan,Nisikan
長岡市,ながおかし,ながおか,Nagaoka,Nagaoka
三条市,さんじょうし,さんじょう,Sanjo,Sanzyo
柏崎市,かしわざきし,かしわざき,Kashiwazaki,Kasiwazaki
新発田市,しばたし,しばた,Shibata,Sibata
小千谷市,おぢやし,おぢや,Ojiya,Oziya
加茂市,かもし,かも,Kamo,Kamo
十日町市,とおかまちし,とおかまち,Tokamachi,Tokamati
見附市,みつけし,みつけ,Mitsuke,Mituke
村上市,むらかみし,むらかみ,Murakami,Murakami
燕市,つばめし,つばめ,Tsubame,Tubame
糸魚川市,いといがわし,いといがわ,Itoigawa,Itoigawa
妙高市,みょうこうし,みょうこう,Myoko,Myoko
五泉市,ごせんし,ごせん,Gosen,Gosen
上越市,じょうえつし,じょうえつ,Joetsu,Zyoetu
阿賀野市,あがのし,あがの,Agano,Agano
佐渡市,さどし,さど,Sado,Sado
魚沼市,うおぬまし,うおぬま,Uonuma,Uonuma
南魚沼市,みなみうおぬまし,みなみうおぬま,Minamiuonuma,Minamiuonuma
胎内市,たいないし,たいない,Tainai,Tainai
北蒲原郡,きたかんばらぐん,きたかんばら,Kitakanbara,Kitakanbara
聖籠町,せいろうまち,せいろう,Seiro,Seiro
西蒲原郡,にしかんばらぐん,にしかんばら,Nishikanbara,Nisikanbara
弥彦村,やひこむら,やひこ,Yahiko,Yahiko
南蒲原郡,みなみかんばらぐん,みなみかんばら,Minamikanbara,Minamikanbara
田上町,たがみまち,たがみ,Tagami,Tagami
東蒲原郡,ひがしかんばらぐん,ひがしかんばら,Higashikanbara,Higasikanbara
阿賀町,あがまち,あが,Aga,Aga
三島郡,さんとうぐん,さんとう,Santo,Santo
出雲崎町,いずもざきまち,いずもざき,Izumozaki,Izumozaki
南魚沼郡,みなみうおぬまぐん,みなみうおぬま,Minamiuonuma,Minamiuonuma
湯沢町,ゆざわまち,ゆざわ,Yuzawa,Yuzawa
中魚沼郡,なかうおぬまぐん,なかうおぬま,Nakauonuma,Nakauonuma
津南町,つなんまち,つなん,Tsunan,Tunan
刈羽郡,かりわぐん,かりわ,Kariwa,Kariwa
刈羽村,かりわむら,かりわ,Kariwa,Kariwa
岩船郡,いわふねぐん,いわふね,Iwafune,Iwahune
関川村,せきかわむら,せきかわ,Sekikawa,Sekikawa
粟島浦村,あわしまうらむら,あわしまうら,Awashimaura,Awasimaura
富山県,とやまけん,とやま,Toyama,Toyama
富山市,とやまし,とやま,Toyama,Toyama
高岡市,たかおかし,たかおか,Takaoka,Takaoka
魚津市,うおづし,うおづ,Uozu,Uozu
氷見市,ひみし,ひみ,Himi,Himi
滑川市,なめりかわし,なめりかわ,Namerikawa,Namerikawa
黒部市,くろべし,くろべ,Kurobe,Kurobe
砺波市,となみし,となみ,Tonami,Tonami
小矢部市,おやべし,おやべ,Oyabe,Oyabe
南砺市,なんとし,なんと,Nanto,Nanto
射水市,いみずし,いみず,Imizu,Imizu
中新川郡,なかにいかわぐん,なかにいかわ,Nakaniikawa,Nakaniikawa
舟橋村,ふなはしむら,ふなはし,Funahashi,Hunahasi
上市町,かみいちまち,かみいち,Kamiichi,Kamiiti
立山町,たてやままち,たてやま,Tateyama,Tateyama
下新川郡,しもにいかわぐん,しもにいかわ,Shimoniikawa,Simoniikawa
入善町,にゅうぜんまち,にゅうぜん,Nyuzen,Nyuzen
朝日町,あさひまち,あさひ,Asahi,Asahi
石川県,いしかわけん,いしかわ,Ishikawa,Isikawa
金沢市,かなざわし,かなざわ,Kanazawa,Kanazawa
七尾市,ななおし,ななお,Nanao,Nanao
小松市,こまつし,こまつ,Komatsu,Komatu
輪島市,わじまし,わじま,Wajima,Wazima
珠洲市,すずし,すず,Suzu,Suzu
加賀市,かがし,かが,Kaga,Kaga
羽咋市,はくいし,はくい,Hakui,Hakui
かほく市,かほくし,かほく,Kahoku,Kahoku
白山市,はくさんし,はくさん,Hakusan,Hakusan
能美市,のみし,のみ,Nomi,Nomi
野々市市,ののいちし,ののいち,Nonoichi,Nonoiti
能美郡,のみぐん,のみ,Nomi,Nomi
川北町,かわきたまち,かわきた,Kawakita,Kawakita
河北郡,かほくぐん,かほく,Kahoku,Kahoku
津幡町,つばたまち,つばた,Tsubata,Tubata
内灘町,うちなだまち,うちなだ,Uchinada,Utinada
羽咋郡,はくいぐん,はくい,Hakui,Hakui
志賀町,しかまち,しか,Shika,Sika
宝達志水町,ほうだつしみずちょう,ほうだつしみず,Hodatsushimizu,Hodatusimizu
鹿島郡,かしまぐん,かしま,Kashima,Kasima
中能登町,なかのとまち,なかのと,Nakanoto,Nakanoto
鳳珠郡,ほうすぐん,ほうす,Hosu,Hosu
穴水町,あなみずまち,あなみず,Anamizu,Anamizu
能登町,のとちょう,のと,Noto,Noto
福井県,ふくいけん,ふくい,Fukui,Hukui
福井市,ふくいし,ふくい,Fukui,Hukui
敦賀市,つるがし,つるが,Tsuruga,Turuga
小浜市,おばまし,おばま,Obama,Obama
大野市,おおのし,おおの,ono,ono
勝山市,かつやまし,かつやま,Katsuyama,Katuyama
鯖江市,さばえし,さばえ,Sabae,Sabae
あわら市,あわらし,あわら,Awara,Awara
越前市,えちぜんし,えちぜん,Echizen,Etizen
坂井市,さかいし,さかい,Sakai,Sakai
吉田郡,よしだぐん,よしだ,Yoshida,Yosida
永平寺町,えいへいじちょう,えいへいじ,Eiheiji,Eiheizi
今立郡,いまだてぐん,いまだて,Imadate,Imadate
池田町,いけだちょう,いけだ,Ikeda,Ikeda
南条郡,なんじょうぐん,なんじょう,Nanjo,Nanzyo
南越前町,みなみえちぜんちょう,みなみえちぜん,Minamiechizen,Minamietizen
丹生郡,にゅうぐん,にゅう,Nyu,Nyu
越前町,えちぜんちょう,えちぜん,Echizen,Etizen
三方郡,みかたぐん,みかた,Mikata,Mikata
美浜町,みはまちょう,みはま,Mihama,Mihama
大飯郡,おおいぐん,おおい,oi,oi
高浜町,たかはまちょう,たかはま,Takahama,Takahama
おおい町,おおいちょう,おおい,oi,oi
三方上中郡,みかたかみなかぐん,みかたかみなか,Mikatakaminaka,Mikatakaminaka
若狭町,わかさちょう,わかさ,Wakasa,Wakasa
山梨県,やまなしけん,やまなし,Yamanashi,Yamanasi
甲府市,こうふし,こうふ,Kofu,Kohu
富士吉田市,ふじよしだし,ふじよしだ,Fujiyoshida,Huziyosida
都留市,つるし,つる,Tsuru,Turu
山梨市,やまなしし,やまなし,Yamanashi,Yamanasi
大月市,おおつきし,おおつき,otsuki,otuki
韮崎市,にらさきし,にらさき,Nirasaki,Nirasaki
南アルプス市,みなみあるぷすし,みなみあるぷす,Minamiarupusu,Minamiarupusu
北杜市,ほくとし,ほくと,Hokuto,Hokuto
甲斐市,かいし,かい,Kai,Kai
笛吹市,ふえふきし,ふえふき,Fuefuki,Huehuki
上野原市,うえのはらし,うえのはら,Uenohara,Uenohara
甲州市,こうしゅうし,こうしゅう,Koshu,Kosyu
中央市,ちゅうおうし,ちゅうおう,Chuo,Tyuo
西八代郡,にしやつしろぐん,にしやつしろ,Nishiyatsushiro,Nisiyatusiro
市川三郷町,いちかわみさとちょう,いちかわみさと,Ichikawamisato,Itikawamisato
南巨摩郡,みなみこまぐん,みなみこま,Minamikoma,Minamikoma
早川町,はやかわちょう,はやかわ,Hayakawa,Hayakawa
身延町,みのぶちょう,みのぶ,Minobu,Minobu
南部町,なんぶちょう,なんぶ,Nanbu,Nanbu
富士川町,ふじかわちょう,ふじかわ,Fujikawa,Huzikawa
中巨摩郡,なかこまぐん,なかこま,Nakakoma,Nakakoma
昭和町,しょうわちょう,しょうわ,Showa,Syowa
南都留郡,みなみつるぐん,みなみつる,Minamitsuru,Minamituru
道志村,どうしむら,どうし,Doshi,Dosi
西桂町,にしかつらちょう,にしかつら,Nishikatsura,Nisikatura
忍野村,おしのむら,おしの,Oshino,Osino
山中湖村,やまなかこむら,やまなかこ,Yamanakako,Yamanakako
鳴沢村,なるさわむら,なるさわ,Narusawa,Narusawa
富士河口湖町,ふじかわぐちこまち,ふじかわぐちこ,Fujikawaguchiko,Huzikawagutiko
北都留郡,きたつるぐん,きたつる,Kitatsuru,Kitaturu
小菅村,こすげむら,こすげ,Kosuge,Kosuge
丹波山村,たばやまむら,たばやま,Tabayama,Tabayama
長野県,ながのけん,ながの,Nagano,Nagano
長野市,ながのし,ながの,Nagano,Nagano
松本市,まつもとし,まつもと,Matsumoto,Matumoto
上田市,うえだし,うえだ,Ueda,Ueda
岡谷市,おかやし,おかや,Okaya,Okaya
飯田市,いいだし,いいだ,Iida,Iida
諏訪市,すわし,すわ,Suwa,Suwa
須坂市,すざかし,すざか,Suzaka,Suzaka
小諸市,こもろし,こもろ,Komoro,Komoro
伊那市,いなし,いな,Ina,Ina
駒ヶ根市,こまがねし,こまがね,Komagane,Komagane
中野市,なかのし,なかの,Nakano,Nakano
大町市,おおまちし,おおまち,omachi,omati
飯山市,いいやまし,いいやま,Iiyama,Iiyama
茅野市,ちのし,ちの,Chino,Tino
塩尻市,しおじりし,しおじり,Shiojiri,Sioziri
佐久市,さくし,さく,Saku,Saku
千曲市,ちくまし,ちくま,Chikuma,Tikuma
東御市,とうみし,とうみ,Tomi,Tomi
安曇野市,あづみのし,あづみの,Azumino,Azumino
南佐久郡,みなみさくぐん,みなみさく,Minamisaku,Minamisaku
小海町,こうみまち,こうみ,Koumi,Koumi
川上村,かわかみむら,かわかみ,Kawakami,Kawakami
南牧村,みなみまきむら,みなみまき,Minamimaki,Minamimaki
南相木村,みなみあいきむら,みなみあいき,Minamiaiki,Minamiaiki
北相木村,きたあいきむら,きたあいき,Kitaaiki,Kitaaiki
佐久穂町,さくほまち,さくほ,Sakuho,Sakuho
北佐久郡,きたさくぐん,きたさく,Kitasaku,Kitasaku
軽井沢町,かるいざわまち,かるいざわ,Karuizawa,Karuizawa
御代田町,みよたまち,みよた,Miyota,Miyota
立科町,たてしなまち,たてしな,Tateshina,Tatesina
小県郡,ちいさがたぐん,ちいさがた,Chiisagata,Tiisagata
青木村,あおきむら,あおき,Aoki,Aoki
長和町,ながわまち,ながわ,Nagawa,Nagawa
諏訪郡,すわぐん,すわ,Suwa,Suwa
下諏訪町,しもすわまち,しもすわ,Shimosuwa,Simosuwa
富士見町,ふじみまち,ふじみ,Fujimi,Huzimi
原村,はらむら,はら,Hara,Hara
上伊那郡,かみいなぐん,かみいな,Kamiina,Kamiina
辰野町,たつのまち,たつの,Tatsuno,Tatuno
箕輪町,みのわまち,みのわ,Minowa,Minowa
飯島町,いいじままち,いいじま,Iijima,Iizima
南箕輪村,みなみみのわむら,みなみみのわ,Minamiminowa,Minamiminowa
中川村,なかがわむら,なかがわ,Nakagawa,Nakagawa
宮田村,みやだむら,みやだ,Miyada,Miyada
下伊那郡,しもいなぐん,しもいな,Shimoina,Simoina
松川町,まつかわまち,まつかわ,Matsukawa,Matukawa
高森町,たかもりまち,たかもり,Takamori,Takamori
阿南町,あなんちょう,あなん,Anan,Anan
阿智村,あちむら,あち,Achi,Ati
平谷村,ひらやむら,ひらや,Hiraya,Hiraya
根羽村,ねばむら,ねば,Neba,Neba
下條村,しもじょうむら,しもじょう,Shimojo,Simozyo
売木村,うるぎむら,うるぎ,Urugi,Urugi
天龍村,てんりゅうむら,てんりゅう,Tenryu,Tenryu
泰阜村,やすおかむら,やすおか,Yasuoka,Yasuoka
喬木村,たかぎむら,たかぎ,Takagi,Takagi
豊丘村,とよおかむら,とよおか,Toyooka,Toyooka
大鹿村,おおしかむら,おおしか,oshika,osika
木曽郡,きそぐん,きそ,Kiso,Kiso
上松町,あげまつまち,あげまつ,Agematsu,Agematu
南木曽町,なぎそまち,なぎそ,Nagiso,Nagiso
木祖村,きそむら,きそ,Kiso,Kiso
王滝村,おうたきむら,おうたき,otaki,otaki
大桑村,おおくわむら,おおくわ,okuwa,okuwa
木曽町,きそまち,きそ,Kiso,Kiso
東筑摩郡,ひがしちくまぐん,ひがしちくま,Higashichikuma,Higasitikuma
麻績村,おみむら,おみ,Omi,Omi
生坂村,いくさかむら,いくさか,Ikusaka,Ikusaka
山形村,やまがたむら,やまがた,Yamagata,Yamagata
朝日村,あさひむら,あさひ,Asahi,Asahi
筑北村,ちくほくむら,ちくほく,Chikuhoku,Tikuhoku
北安曇郡,きたあづみぐん,きたあづみ,Kitaazumi,Kitaazumi
池田町,いけだまち,いけだ,Ikeda,Ikeda
松川村,まつかわむら,まつかわ,Matsukawa,Matukawa
白馬村,はくばむら,はくば,Hakuba,Hakuba
小谷村,おたりむら,おたり,Otari,Otari
埴科郡,はにしなぐん,はにしな,Hanishina,Hanisina
坂城町,さかきまち,さかき,Sakaki,Sakaki
上高井郡,かみたかいぐん,かみたかい,Kamitakai,Kamitakai
小布施町,おぶせまち,おぶせ,Obuse,Obuse
高山村,たかやまむら,たかやま,Takayama,Takayama
下高井郡,しもたかいぐん,しもたかい,Shimotakai,Simotakai
山ノ内町,やまのうちまち,やまのうち,Yamanouchi,Yamanouti
木島平村,きじまだいらむら,きじまだいら,Kijimadaira,Kizimadaira
野沢温泉村,のざわおんせんむら,のざわおんせん,Nozawaonsen,Nozawaonsen
上水内郡,かみみのちぐん,かみみのち,Kamiminochi,Kamiminoti
信濃町,しなのまち,しなの,Shinano,Sinano
小川村,おがわむら,おがわ,Ogawa,Ogawa
飯綱町,いいづなまち,いいづな,Iizuna,Iizuna
下水内郡,しもみのちぐん,しもみのち,Shimominochi,Simominoti
栄村,さかえむら,さかえ,Sakae,Sakae
岐阜県,ぎふけん,ぎふ,Gifu,Gihu
岐阜市,ぎふし,ぎふ,Gifu,Gihu
大垣市,おおがきし,おおがき,ogaki,ogaki
高山市,たかやまし,たかやま,Takayama,Takayama
多治見市,たじみし,たじみ,Tajimi,Tazimi
関市,せきし,せき,Seki,Seki
中津川市,なかつがわし,なかつがわ,Nakatsugawa,Nakatugawa
美濃市,みのし,みの,Mino,Mino
瑞浪市,みずなみし,みずなみ,Mizunami,Mizunami
羽島市,はしまし,はしま,Hashima,Hasima
恵那市,えなし,えな,Ena,Ena
美濃加茂市,みのかもし,みのかも,Minokamo,Minokamo
土岐市,ときし,とき,Toki,Toki
各務原市,かかみがはらし,かかみがはら,Kakamigahara,Kakamigahara
可児市,かにし,かに,Kani,Kani
山県市,やまがたし,やまがた,Yamagata,Yamagata
瑞穂市,みずほし,みずほ,Mizuho,Mizuho
飛騨市,ひだし,ひだ,Hida,Hida
本巣市,もとすし,もとす,Motosu,Motosu
郡上市,ぐじょうし,ぐじょう,Gujo,Guzyo
下呂市,げろし,げろ,Gero,Gero
海津市,かいづし,かいづ,Kaizu,Kaizu
羽島郡,はしまぐん,はしま,Hashima,Hasima
岐南町,ぎなんちょう,ぎなん,Ginan,Ginan
笠松町,かさまつちょう,かさまつ,Kasamatsu,Kasamatu
養老郡,ようろうぐん,ようろう,Yoro,Yoro
養老町,ようろうちょう,ようろう,Yoro,Yoro
不破郡,ふわぐん,ふわ,Fuwa,Huwa
垂井町,たるいちょう,たるい,Tarui,Tarui
関ヶ原町,せきがはらちょう,せきがはら,Sekigahara,Sekigahara
安八郡,あんぱちぐん,あんぱち,Anpachi,Anpati
神戸町,ごうどちょう,ごうど,Godo,Godo
輪之内町,わのうちちょう,わのうち,Wanouchi,Wanouti
安八町,あんぱちちょう,あんぱち,Anpachi,Anpati
揖斐郡,いびぐん,いび,Ibi,Ibi
揖斐川町,いびがわちょう,いびがわ,Ibigawa,Ibigawa
大野町,おおのちょう,おおの,ono,ono
池田町,いけだちょう,いけだ,Ikeda,Ikeda
本巣郡,もとすぐん,もとす,Motosu,Motosu
北方町,きたがたちょう,きたがた,Kitagata,Kitagata
加茂郡,かもぐん,かも,Kamo,Kamo
坂祝町,さかほぎちょう,さかほぎ,Sakahogi,Sakahogi
富加町,とみかちょう,とみか,Tomika,Tomika
川辺町,かわべちょう,かわべ,Kawabe,Kawabe
七宗町,ひちそうちょう,ひちそう,Hichiso,Hitiso
八百津町,やおつちょう,やおつ,Yaotsu,Yaotu
白川町,しらかわちょう,しらかわ,Shirakawa,Sirakawa
東白川村,ひがししらかわむら,ひがししらかわ,Higashishirakawa,Higasisirakawa
可児郡,かにぐん,かに,Kani,Kani
御嵩町,みたけちょう,みたけ,Mitake,Mitake
大野郡,おおのぐん,おおの,ono,ono
白川村,しらかわむら,しらかわ,Shirakawa,Sirakawa
静岡県,しずおかけん,しずおか,Shizuoka,Sizuoka
静岡市,しずおかし,しずおか,Shizuoka,Sizuoka
葵区,あおいく,あおい,Aoi,Aoi
駿河区,するがく,するが,Suruga,Suruga
清水区,しみずく,しみず,Shimizu,Simizu
浜松市,はままつし,はままつ,Hamamatsu,Hamamatu
中区,なかく,なか,Naka,Naka
東区,ひがしく,ひがし,Higashi,Higasi
西区,にしく,にし,Nishi,Nisi
南区,みなみく,みなみ,Minami,Minami
北区,きたく,きた,Kita,Kita
浜北区,はまきたく,はまきた,Hamakita,Hamakita
天竜区,てんりゅうく,てんりゅう,Tenryu,Tenryu
沼津市,ぬまづし,ぬまづ,Numazu,Numazu
熱海市,あたみし,あたみ,Atami,Atami
三島市,みしまし,みしま,Mishima,Misima
富士宮市,ふじのみやし,ふじのみや,Fujinomiya,Huzinomiya
伊東市,いとうし,いとう,Ito,Ito
島田市,しまだし,しまだ,Shimada,Simada
富士市,ふじし,ふじ,Fuji,Huzi
磐田市,いわたし,いわた,Iwata,Iwata
焼津市,やいづし,やいづ,Yaizu,Yaizu
掛川市,かけがわし,かけがわ,Kakegawa,Kakegawa
藤枝市,ふじえだし,ふじえだ,Fujieda,Huzieda
御殿場市,ごてんばし,ごてんば,Gotenba,Gotenba
袋井市,ふくろいし,ふくろい,Fukuroi,Hukuroi
下田市,しもだし,しもだ,Shimoda,Simoda
裾野市,すそのし,すその,Susono,Susono
湖西市,こさいし,こさい,Kosai,Kosai
伊豆市,いずし,いず,Izu,Izu
御前崎市,おまえざきし,おまえざき,Omaezaki,Omaezaki
菊川市,きくがわし,きくがわ,Kikugawa,Kikugawa
伊豆の国市,いずのくにし,いずのくに,Izunokuni,Izunokuni
牧之原市,まきのはらし,まきのはら,Makinohara,Makinohara
賀茂郡,かもぐん,かも,Kamo,Kamo
東伊豆町,ひがしいずちょう,ひがしいず,Higashiizu,Higasiizu
河津町,かわづちょう,かわづ,Kawazu,Kawazu
南伊豆町,みなみいずちょう,みなみいず,Minamiizu,Minamiizu
松崎町,まつざきちょう,まつざき,Matsuzaki,Matuzaki
西伊豆町,にしいずちょう,にしいず,Nishiizu,Nisiizu
田方郡,たがたぐん,たがた,Tagata,Tagata
函南町,かんなみちょう,かんなみ,Kannami,Kannami
駿東郡,すんとうぐん,すんとう,Sunto,Sunto
清水町,しみずちょう,しみず,Shimizu,Simizu
長泉町,ながいずみちょう,ながいずみ,Nagaizumi,Nagaizumi
小山町,おやまちょう,おやま,Oyama,Oyama
榛原郡,はいばらぐん,はいばら,Haibara,Haibara
吉田町,よしだちょう,よしだ,Yoshida,Yosida
川根本町,かわねほんちょう,かわねほん,Kawanehon,Kawanehon
周智郡,しゅうちぐん,しゅうち,Shuchi,Syuti
森町,もりまち,もり,Mori,Mori
愛知県,あいちけん,あいち,Aichi,Aiti
名古屋市,なごやし,なごや,Nagoya,Nagoya
千種区,ちくさく,ちくさ,Chikusa,Tikusa
東区,ひがしく,ひがし,Higashi,Higasi
北区,きたく,きた,Kita,Kita
西区,にしく,にし,Nishi,Nisi
中村区,なかむらく,なかむら,Nakamura,Nakamura
中区,なかく,なか,Naka,Naka
昭和区,しょうわく,しょうわ,Showa,Syowa
瑞穂区,みずほく,みずほ,Mizuho,Mizuho
熱田区,あつたく,あつた,Atsuta,Atuta
中川区,なかがわく,なかがわ,Nakagawa,Nakagawa
港区,みなとく,みなと,Minato,Minato
南区,みなみく,みなみ,Minami,Minami
守山区,もりやまく,もりやま,Moriyama,Moriyama
緑区,みどりく,みどり,Midori,Midori
名東区,めいとうく,めいとう,Meito,Meito
天白区,てんぱくく,てんぱく,Tenpaku,Tenpaku
豊橋市,とよはしし,とよはし,Toyohashi,Toyohasi
岡崎市,おかざきし,おかざき,Okazaki,Okazaki
一宮市,いちのみやし,いちのみや,Ichinomiya,Itinomiya
瀬戸市,せとし,せと,Seto,Seto
半田市,はんだし,はんだ,Handa,Handa
春日井市,かすがいし,かすがい,Kasugai,Kasugai
豊川市,とよかわし,とよかわ,Toyokawa,Toyokawa
津島市,つしまし,つしま,Tsushima,Tusima
碧南市,へきなんし,へきなん,Hekinan,Hekinan
刈谷市,かりやし,かりや,Kariya,Kariya
豊田市,とよたし,とよた,Toyota,Toyota
安城市,あんじょうし,あんじょう,Anjo,Anzyo
西尾市,にしおし,にしお,Nishio,Nisio
蒲郡市,がまごおりし,がまごおり,Gamagori,Gamagori
犬山市,いぬやまし,いぬやま,Inuyama,Inuyama
常滑市,とこなめし,とこなめ,Tokoname,Tokoname
江南市,こうなんし,こうなん,Konan,Konan
小牧市,こまきし,こまき,Komaki,Komaki
稲沢市,いなざわし,いなざわ,Inazawa,Inazawa
新城市,しんしろし,しんしろ,Shinshiro,Sinsiro
東海市,とうかいし,とうかい,Tokai,Tokai
大府市,おおぶし,おおぶ,obu,obu
知多市,ちたし,ちた,Chita,Tita
知立市,ちりゅうし,ちりゅう,Chiryu,Tiryu
尾張旭市,おわりあさひし,おわりあさひ,Owariasahi,Owariasahi
高浜市,たかはまし,たかはま,Takahama,Takahama
岩倉市,いわくらし,いわくら,Iwakura,Iwakura
豊明市,とよあけし,とよあけ,Toyoake,Toyoake
日進市,にっしんし,にっしん,Nisshin,Nissin
田原市,たはらし,たはら,Tahara,Tahara
愛西市,あいさいし,あいさい,Aisai,Aisai
清須市,きよすし,きよす,Kiyosu,Kiyosu
北名古屋市,きたなごやし,きたなごや,Kitanagoya,Kitanagoya
弥富市,やとみし,やとみ,Yatomi,Yatomi
みよし市,みよしし,みよし,Miyoshi,Miyosi
あま市,あまし,あま,Ama,Ama
長久手市,ながくてし,ながくて,Nagakute,Nagakute
愛知郡,あいちぐん,あいち,Aichi,Aiti
東郷町,とうごうちょう,とうごう,Togo,Togo
西春日井郡,にしかすがいぐん,にしかすがい,Nishikasugai,Nisikasugai
豊山町,とよやまちょう,とよやま,Toyoyama,Toyoyama
丹羽郡,にわぐん,にわ,Niwa,Niwa
大口町,おおぐちちょう,おおぐち,oguchi,oguti
扶桑町,ふそうちょう,ふそう,Fuso,Huso
海部郡,あまぐん,あま,Ama,Ama
大治町,おおはるちょう,おおはる,oharu,oharu
蟹江町,かにえちょう,かにえ,Kanie,Kanie
飛島村,とびしまむら,とびしま,Tobishima,Tobisima
知多郡,ちたぐん,ちた,Chita,Tita
阿久比町,あぐいちょう,あぐい,Agui,Agui
東浦町,ひがしうらちょう,ひがしうら,Higashiura,Higasiura
南知多町,みなみちたちょう,みなみちた,Minamichita,Minamitita
美浜町,みはまちょう,みはま,Mihama,Mihama
武豊町,たけとよちょう,たけとよ,Taketoyo,Taketoyo
額田郡,ぬかたぐん,ぬかた,Nukata,Nukata
幸田町,こうたちょう,こうた,Kota,Kota
北設楽郡,きたしたらぐん,きたしたら,Kitashitara,Kitasitara
設楽町,したらちょう,したら,Shitara,Sitara
東栄町,とうえいちょう,とうえい,Toei,Toei
豊根村,とよねむら,とよね,Toyone,Toyone
三重県,みえけん,みえ,Mie,Mie
津市,つし,つ,Tsu,Tu
四日市市,よっかいちし,よっかいち,Yokkaichi,Yokkaiti
伊勢市,いせし,いせ,Ise,Ise
松阪市,まつさかし,まつさか,Matsusaka,Matusaka
桑名市,くわなし,くわな,Kuwana,Kuwana
鈴鹿市,すずかし,すずか,Suzuka,Suzuka
名張市,なばりし,なばり,Nabari,Nabari
尾鷲市,おわせし,おわせ,Owase,Owase
亀山市,かめやまし,かめやま,Kameyama,Kameyama
鳥羽市,とばし,とば,Toba,Toba
熊野市,くまのし,くまの,Kumano,Kumano
いなべ市,いなべし,いなべ,Inabe,Inabe
志摩市,しまし,しま,Shima,Sima
伊賀市,いがし,いが,Iga,Iga
桑名郡,くわなぐん,くわな,Kuwana,Kuwana
木曽岬町,きそさきちょう,きそさき,Kisosaki,Kisosaki
員弁郡,いなべぐん,いなべ,Inabe,Inabe
東員町,とういんちょう,とういん,Toin,Toin
三重郡,みえぐん,みえ,Mie,Mie
菰野町,こものちょう,こもの,Komono,Komono
朝日町,あさひちょう,あさひ,Asahi,Asahi
川越町,かわごえちょう,かわごえ,Kawagoe,Kawagoe
多気郡,たきぐん,たき,Taki,Taki
多気町,たきちょう,たき,Taki,Taki
明和町,めいわちょう,めいわ,Meiwa,Meiwa
大台町,おおだいちょう,おおだい,odai,odai
度会郡,わたらいぐん,わたらい,Watarai,Watarai
玉城町,たまきちょう,たまき,Tamaki,Tamaki
度会町,わたらいちょう,わたらい,Watarai,Watarai
大紀町,たいきちょう,たいき,Taiki,Taiki
南伊勢町,みなみいせちょう,みなみいせ,Minamiise,Minamiise
北牟婁郡,きたむろぐん,きたむろ,Kitamuro,Kitamuro
紀北町,きほくちょう,きほく,Kihoku,Kihoku
南牟婁郡,みなみむろぐん,みなみむろ,Minamimuro,Minamimuro
御浜町,みはまちょう,みはま,Mihama,Mihama
紀宝町,きほうちょう,きほう,Kiho,Kiho
滋賀県,しがけん,しが,Shiga,Siga
大津市,おおつし,おおつ,otsu,otu
彦根市,ひこねし,ひこね,Hikone,Hikone
長浜市,ながはまし,ながはま,Nagahama,Nagahama
近江八幡市,おうみはちまんし,おうみはちまん,omihachiman,omihatiman
草津市,くさつし,くさつ,Kusatsu,Kusatu
守山市,もりやまし,もりやま,Moriyama,Moriyama
栗東市,りっとうし,りっとう,Ritto,Ritto
甲賀市,こうかし,こうか,Koka,Koka
野洲市,やすし,やす,Yasu,Yasu
湖南市,こなんし,こなん,Konan,Konan
高島市,たかしまし,たかしま,Takashima,Takasima
東近江市,ひがしおうみし,ひがしおうみ,Higashiomi,Higasiomi
米原市,まいばらし,まいばら,Maibara,Maibara
蒲生郡,がもうぐん,がもう,Gamo,Gamo
日野町,ひのちょう,ひの,Hino,Hino
竜王町,りゅうおうちょう,りゅうおう,Ryuo,Ryuo
愛知郡,えちぐん,えち,Echi,Eti
愛荘町,あいしょうちょう,あいしょう,Aisho,Aisyo
犬上郡,いぬかみぐん,いぬかみ,Inukami,Inukami
豊郷町,とよさとちょう,とよさと,Toyosato,Toyosato
甲良町,こうらちょう,こうら,Kora,Kora
多賀町,たがちょう,たが,Taga,Taga
京都府,きょうとふ,きょうと,Kyoto,Kyoto
京都市,きょうとし,きょうと,Kyoto,Kyoto
北区,きたく,きた,Kita,Kita
上京区,かみぎょうく,かみぎょう,Kamigyo,Kamigyo
左京区,さきょうく,さきょう,Sakyo,Sakyo
中京区,なかぎょうく,なかぎょう,Nakagyo,Nakagyo
東山区,ひがしやまく,ひがしやま,Higashiyama,Higasiyama
下京区,しもぎょうく,しもぎょう,Shimogyo,Simogyo
南区,みなみく,みなみ,Minami,Minami
右京区,うきょうく,うきょう,Ukyo,Ukyo
伏見区,ふしみく,ふしみ,Fushimi,Husimi
山科区,やましなく,やましな,Yamashina,Yamasina
西京区,にしきょうく,にしきょう,Nishikyo,Nisikyo
福知山市,ふくちやまし,ふくちやま,Fukuchiyama,Hukutiyama
舞鶴市,まいづるし,まいづる,Maizuru,Maizuru
綾部市,あやべし,あやべ,Ayabe,Ayabe
宇治市,うじし,うじ,Uji,Uzi
宮津市,みやづし,みやづ,Miyazu,Miyazu
亀岡市,かめおかし,かめおか,Kameoka,Kameoka
城陽市,じょうようし,じょうよう,Joyo,Zyoyo
向日市,むこうし,むこう,Muko,Muko
長岡京市,ながおかきょうし,ながおかきょう,Nagaokakyo,Nagaokakyo
八幡市,やわたし,やわた,Yawata,Yawata
京田辺市,きょうたなべし,きょうたなべ,Kyotanabe,Kyotanabe
京丹後市,きょうたんごし,きょうたんご,Kyotango,Kyotango
南丹市,なんたんし,なんたん,Nantan,Nantan
木津川市,きづがわし,きづがわ,Kizugawa,Kizugawa
乙訓郡,おとくにぐん,おとくに,Otokuni,Otokuni
大山崎町,おおやまざきちょう,おおやまざき,oyamazaki,oyamazaki
久世郡,くせぐん,くせ,Kuse,Kuse
久御山町,くみやまちょう,くみやま,Kumiyama,Kumiyama
綴喜郡,つづきぐん,つづき,Tsuzuki,Tuzuki
井手町,いでちょう,いで,Ide,Ide
宇治田原町,うじたわらちょう,うじたわら,Ujitawara,Uzitawara
相楽郡,そうらくぐん,そうらく,Soraku,Soraku
笠置町,かさぎちょう,かさぎ,Kasagi,Kasagi
和束町,わづかちょう,わづか,Wazuka,Wazuka
精華町,せいかちょう,せいか,Seika,Seika
南山城村,みなみやましろむら,みなみやましろ,Minamiyamashiro,Minamiyamasiro
船井郡,ふないぐん,ふない,Funai,Hunai
京丹波町,きょうたんばちょう,きょうたんば,Kyotanba,Kyotanba
与謝郡,よさぐん,よさ,Yosa,Yosa
伊根町,いねちょう,いね,Ine,Ine
与謝野町,よさのちょう,よさの,Yosano,Yosano
大阪府,おおさかふ,おおさか,osaka,osaka
大阪市,おおさかし,おおさか,osaka,osaka
都島区,みやこじまく,みやこじま,Miyakojima,Miyakozima
福島区,ふくしまく,ふくしま,Fukushima,Hukusima
此花区,このはなく,このはな,Konohana,Konohana
西区,にしく,にし,Nishi,Nisi
港区,みなとく,みなと,Minato,Minato
大正区,たいしょうく,たいしょう,Taisho,Taisyo
天王寺区,てんのうじく,てんのうじ,Tennoji,Tennozi
浪速区,なにわく,なにわ,Naniwa,Naniwa
西淀川区,にしよどがわく,にしよどがわ,Nishiyodogawa,Nisiyodogawa
東淀川区,ひがしよどがわく,ひがしよどがわ,Higashiyodogawa,Higasiyodogawa
東成区,ひがしなりく,ひがしなり,Higashinari,Higasinari
生野区,いくのく,いくの,Ikuno,Ikuno
旭区,あさひく,あさひ,Asahi,Asahi
城東区,じょうとうく,じょうとう,Joto,Zyoto
阿倍野区,あべのく,あべの,Abeno,Abeno
住吉区,すみよしく,すみよし,Sumiyoshi,Sumiyosi
東住吉区,ひがしすみよしく,ひがしすみよし,Higashisumiyoshi,Higasisumiyosi
西成区,にしなりく,にしなり,Nishinari,Nisinari
淀川区,よどがわく,よどがわ,Yodogawa,Yodogawa
鶴見区,つるみく,つるみ,Tsurumi,Turumi
住之江区,すみのえく,すみのえ,Suminoe,Suminoe
平野区,ひらのく,ひらの,Hirano,Hirano
北区,きたく,きた,Kita,Kita
中央区,ちゅうおうく,ちゅうおう,Chuo,Tyuo
堺市,さかいし,さかい,Sakai,Sakai
堺区,さかいく,さかい,Sakai,Sakai
中区,なかく,なか,Naka,Naka
東区,ひがしく,ひがし,Higashi,Higasi
西区,にしく,にし,Nishi,Nisi
南区,みなみく,みなみ,Minami,Minami
北区,きたく,きた,Kita,Kita
美原区,みはらく,みはら,Mihara,Mihara
岸和田市,きしわだし,きしわだ,Kishiwada,Kisiwada
豊中市,とよなかし,とよなか,Toyonaka,Toyonaka
池田市,いけだし,いけだ,Ikeda,Ikeda
吹田市,すいたし,すいた,Suita,Suita
泉大津市,いずみおおつし,いずみおおつ,Izumiotsu,Izumiotu
高槻市,たかつきし,たかつき,Takatsuki,Takatuki
貝塚市,かいづかし,かいづか,Kaizuka,Kaizuka
守口市,もりぐちし,もりぐち,Moriguchi,Moriguti
枚方市,ひらかたし,ひらかた,Hirakata,Hirakata
茨木市,いばらきし,いばらき,Ibaraki,Ibaraki
八尾市,やおし,やお,Yao,Yao
泉佐野市,いずみさのし,いずみさの,Izumisano,Izumisano
富田林市,とんだばやしし,とんだばやし,Tondabayashi,Tondabayasi
寝屋川市,ねやがわし,ねやがわ,Neyagawa,Neyagawa
河内長野市,かわちながのし,かわちながの,Kawachinagano,Kawatinagano
松原市,まつばらし,まつばら,Matsubara,Matubara
大東市,だいとうし,だいとう,Daito,Daito
和泉市,いずみし,いずみ,Izumi,Izumi
箕面市,みのおし,みのお,Mino,Mino
柏原市,かしわらし,かしわら,Kashiwara,Kasiwara
羽曳野市,はびきのし,はびきの,Habikino,Habikino
門真市,かどまし,かどま,Kadoma,Kadoma
摂津市,せっつし,せっつ,Settsu,Settu
高石市,たかいしし,たかいし,Takaishi,Takaisi
藤井寺市,ふじいでらし,ふじいでら,Fujiidera,Huziidera
東大阪市,ひがしおおさかし,ひがしおおさか,Higashiosaka,Higasiosaka
泉南市,せんなんし,せんなん,Sennan,Sennan
四條畷市,しじょうなわてし,しじょうなわて,Shijonawate,Sizyonawate
交野市,かたのし,かたの,Katano,Katano
大阪狭山市,おおさかさやまし,おおさかさやま,osakasayama,osakasayama
阪南市,はんなんし,はんなん,Hannan,Hannan
三島郡,みしまぐん,みしま,Mishima,Misima
島本町,しまもとちょう,しまもと,Shimamoto,Simamoto
豊能郡,とよのぐん,とよの,Toyono,Toyono
豊能町,とよのちょう,とよの,Toyono,Toyono
能勢町,のせちょう,のせ,Nose,Nose
泉北郡,せんぼくぐん,せんぼく,Senboku,Senboku
忠岡町,ただおかちょう,ただおか,Tadaoka,Tadaoka
泉南郡,せんなんぐん,せんなん,Sennan,Sennan
熊取町,くまとりちょう,くまとり,Kumatori,Kumatori
田尻町,たじりちょう,たじり,Tajiri,Taziri
岬町,みさきちょう,みさき,Misaki,Misaki
南河内郡,みなみかわちぐん,みなみかわち,Minamikawachi,Minamikawati
太子町,たいしちょう,たいし,Taishi,Taisi
河南町,かなんちょう,かなん,Kanan,Kanan
千早赤阪村,ちはやあかさかむら,ちはやあかさか,Chihayaakasaka,Tihayaakasaka
兵庫県,ひょうごけん,ひょうご,Hyogo,Hyogo
神戸市,こうべし,こうべ,Kobe,Kobe
東灘区,ひがしなだく,ひがしなだ,Higashinada,Higasinada
灘区,なだく,なだ,Nada,Nada
兵庫区,ひょうごく,ひょうご,Hyogo,Hyogo
長田区,ながたく,ながた,Nagata,Nagata
須磨区,すまく,すま,Suma,Suma
垂水区,たるみく,たるみ,Tarumi,Tarumi
北区,きたく,きた,Kita,Kita
中央区,ちゅうおうく,ちゅうおう,Chuo,Tyuo
西区,にしく,にし,Nishi,Nisi
姫路市,ひめじし,ひめじ,Himeji,Himezi
尼崎市,あまがさきし,あまがさき,Amagasaki,Amagasaki
明石市,あかしし,あかし,Akashi,Akasi
西宮市,にしのみやし,にしのみや,Nishinomiya,Nisinomiya
洲本市,すもとし,すもと,Sumoto,Sumoto
芦屋市,あしやし,あしや,Ashiya,Asiya
伊丹市,いたみし,いたみ,Itami,Itami
相生市,あいおいし,あいおい,Aioi,Aioi
豊岡市,とよおかし,とよおか,Toyooka,Toyooka
加古川市,かこがわし,かこがわ,Kakogawa,Kakogawa
赤穂市,あこうし,あこう,Ako,Ako
西脇市,にしわきし,にしわき,Nishiwaki,Nisiwaki
宝塚市,たからづかし,たからづか,Takarazuka,Takarazuka
三木市,みきし,みき,Miki,Miki
高砂市,たかさごし,たかさご,Takasago,Takasago
川西市,かわにしし,かわにし,Kawanishi,Kawanisi
小野市,おのし,おの,Ono,Ono
三田市,さんだし,さんだ,Sanda,Sanda
加西市,かさいし,かさい,Kasai,Kasai
篠山市,ささやまし,ささやま,Sasayama,Sasayama
養父市,やぶし,やぶ,Yabu,Yabu
丹波市,たんばし,たんば,Tanba,Tanba
南あわじ市,みなみあわじし,みなみあわじ,Minamiawaji,Minamiawazi
朝来市,あさごし,あさご,Asago,Asago
淡路市,あわじし,あわじ,Awaji,Awazi
宍粟市,しそうし,しそう,Shiso,Siso
加東市,かとうし,かとう,Kato,Kato
たつの市,たつのし,たつの,Tatsuno,Tatuno
川辺郡,かわべぐん,かわべ,Kawabe,Kawabe
猪名川町,いながわちょう,いながわ,Inagawa,Inagawa
多可郡,たかぐん,たか,Taka,Taka
多可町,たかちょう,たか,Taka,Taka
加古郡,かこぐん,かこ,Kako,Kako
稲美町,いなみちょう,いなみ,Inami,Inami
播磨町,はりまちょう,はりま,Harima,Harima
神崎郡,かんざきぐん,かんざき,Kanzaki,Kanzaki
市川町,いちかわちょう,いちかわ,Ichikawa,Itikawa
福崎町,ふくさきちょう,ふくさき,Fukusaki,Hukusaki
神河町,かみかわちょう,かみかわ,Kamikawa,Kamikawa
揖保郡,いぼぐん,いぼ,Ibo,Ibo
太子町,たいしちょう,たいし,Taishi,Taisi
赤穂郡,あこうぐん,あこう,Ako,Ako
上郡町,かみごおりちょう,かみごおり,Kamigori,Kamigori
佐用郡,さようぐん,さよう,Sayo,Sayo
佐用町,さようちょう,さよう,Sayo,Sayo
美方郡,みかたぐん,みかた,Mikata,Mikata
香美町,かみちょう,かみ,Kami,Kami
新温泉町,しんおんせんちょう,しんおんせん,Shin'onsen,Sin'onsen
奈良県,ならけん,なら,Nara,Nara
奈良市,ならし,なら,Nara,Nara
大和高田市,やまとたかだし,やまとたかだ,Yamatotakada,Yamatotakada
大和郡山市,やまとこおりやまし,やまとこおりやま,Yamatokoriyama,Yamatokoriyama
天理市,てんりし,てんり,Tenri,Tenri
橿原市,かしはらし,かしはら,Kashihara,Kasihara
桜井市,さくらいし,さくらい,Sakurai,Sakurai
五條市,ごじょうし,ごじょう,Gojo,Gozyo
御所市,ごせし,ごせ,Gose,Gose
生駒市,いこまし,いこま,Ikoma,Ikoma
香芝市,かしばし,かしば,Kashiba,Kasiba
葛城市,かつらぎし,かつらぎ,Katsuragi,Katuragi
宇陀市,うだし,うだ,Uda,Uda
山辺郡,やまべぐん,やまべ,Yamabe,Yamabe
山添村,やまぞえむら,やまぞえ,Yamazoe,Yamazoe
生駒郡,いこまぐん,いこま,Ikoma,Ikoma
平群町,へぐりちょう,へぐり,Heguri,Heguri
三郷町,さんごうちょう,さんごう,Sango,Sango
斑鳩町,いかるがちょう,いかるが,Ikaruga,Ikaruga
安堵町,あんどちょう,あんど,Ando,Ando
磯城郡,しきぐん,しき,Shiki,Siki
川西町,かわにしちょう,かわにし,Kawanishi,Kawanisi
三宅町,みやけちょう,みやけ,Miyake,Miyake
田原本町,たわらもとちょう,たわらもと,Tawaramoto,Tawaramoto
宇陀郡,うだぐん,うだ,Uda,Uda
曽爾村,そにむら,そに,Soni,Soni
御杖村,みつえむら,みつえ,Mitsue,Mitue
高市郡,たかいちぐん,たかいち,Takaichi,Takaiti
高取町,たかとりちょう,たかとり,Takatori,Takatori
明日香村,あすかむら,あすか,Asuka,Asuka
北葛城郡,きたかつらぎぐん,きたかつらぎ,Kitakatsuragi,Kitakaturagi
上牧町,かんまきちょう,かんまき,Kanmaki,Kanmaki
王寺町,おうじちょう,おうじ,oji,ozi
広陵町,こうりょうちょう,こうりょう,Koryo,Koryo
河合町,かわいちょう,かわい,Kawai,Kawai
吉野郡,よしのぐん,よしの,Yoshino,Yosino
吉野町,よしのちょう,よしの,Yoshino,Yosino
大淀町,おおよどちょう,おおよど,oyodo,oyodo
下市町,しもいちちょう,しもいち,Shimoichi,Simoiti
黒滝村,くろたきむら,くろたき,Kurotaki,Kurotaki
天川村,てんかわむら,てんかわ,Tenkawa,Tenkawa
野迫川村,のせがわむら,のせがわ,Nosegawa,Nosegawa
十津川村,とつかわむら,とつかわ,Totsukawa,Totukawa
下北山村,しもきたやまむら,しもきたやま,Shimokitayama,Simokitayama
上北山村,かみきたやまむら,かみきたやま,Kamikitayama,Kamikitayama
川上村,かわかみむら,かわかみ,Kawakami,Kawakami
東吉野村,ひがしよしのむら,ひがしよしの,Higashiyoshino,Higasiyosino
和歌山県,わかやまけん,わかやま,Wakayama,Wakayama
和歌山市,わかやまし,わかやま,Wakayama,Wakayama
海南市,かいなんし,かいなん,Kainan,Kainan
橋本市,はしもとし,はしもと,Hashimoto,Hasimoto
有田市,ありだし,ありだ,Arida,Arida
御坊市,ごぼうし,ごぼう,Gobo,Gobo
田辺市,たなべし,たなべ,Tanabe,Tanabe
新宮市,しんぐうし,しんぐう,Shingu,Singu
紀の川市,きのかわし,きのかわ,Kinokawa,Kinokawa
岩出市,いわでし,いわで,Iwade,Iwade
海草郡,かいそうぐん,かいそう,Kaiso,Kaiso
紀美野町,きみのちょう,きみの,Kimino,Kimino
伊都郡,いとぐん,いと,Ito,Ito
かつらぎ町,かつらぎちょう,かつらぎ,Katsuragi,Katuragi
九度山町,くどやまちょう,くどやま,Kudoyama,Kudoyama
高野町,こうやちょう,こうや,Koya,Koya
有田郡,ありだぐん,ありだ,Arida,Arida
湯浅町,ゆあさちょう,ゆあさ,Yuasa,Yuasa
広川町,ひろがわちょう,ひろがわ,Hirogawa,Hirogawa
有田川町,ありだがわちょう,ありだがわ,Aridagawa,Aridagawa
日高郡,ひだかぐん,ひだか,Hidaka,Hidaka
美浜町,みはまちょう,みはま,Mihama,Mihama
日高町,ひだかちょう,ひだか,Hidaka,Hidaka
由良町,ゆらちょう,ゆら,Yura,Yura
印南町,いなみちょう,いなみ,Inami,Inami
みなべ町,みなべちょう,みなべ,Minabe,Minabe
日高川町,ひだかがわちょう,ひだかがわ,Hidakagawa,Hidakagawa
西牟婁郡,にしむろぐん,にしむろ,Nishimuro,Nisimuro
白浜町,しらはまちょう,しらはま,Shirahama,Sirahama
上富田町,かみとんだちょう,かみとんだ,Kamitonda,Kamitonda
すさみ町,すさみちょう,すさみ,Susami,Susami
東牟婁郡,ひがしむろぐん,ひがしむろ,Higashimuro,Higasimuro
那智勝浦町,なちかつうらちょう,なちかつうら,Nachikatsuura,Natikatuura
太地町,たいじちょう,たいじ,Taiji,Taizi
古座川町,こざがわちょう,こざがわ,Kozagawa,Kozagawa
北山村,きたやまむら,きたやま,Kitayama,Kitayama
串本町,くしもとちょう,くしもと,Kushimoto,Kusimoto
鳥取県,とっとりけん,とっとり,Tottori,Tottori
鳥取市,とっとりし,とっとり,Tottori,Tottori
米子市,よなごし,よなご,Yonago,Yonago
倉吉市,くらよしし,くらよし,Kurayoshi,Kurayosi
境港市,さかいみなとし,さかいみなと,Sakaiminato,Sakaiminato
岩美郡,いわみぐん,いわみ,Iwami,Iwami
岩美町,いわみちょう,いわみ,Iwami,Iwami
八頭郡,やずぐん,やず,Yazu,Yazu
若桜町,わかさちょう,わかさ,Wakasa,Wakasa
智頭町,ちづちょう,ちづ,Chizu,Tizu
八頭町,やずちょう,やず,Yazu,Yazu
東伯郡,とうはくぐん,とうはく,Tohaku,Tohaku
三朝町,みささちょう,みささ,Misasa,Misasa
湯梨浜町,ゆりはまちょう,ゆりはま,Yurihama,Yurihama
琴浦町,ことうらちょう,ことうら,Kotoura,Kotoura
北栄町,ほくえいちょう,ほくえい,Hokuei,Hokuei
西伯郡,さいはくぐん,さいはく,Saihaku,Saihaku
日吉津村,ひえづそん,ひえづ,Hiezu,Hiezu
大山町,だいせんちょう,だいせん,Daisen,Daisen
南部町,なんぶちょう,なんぶ,Nanbu,Nanbu
伯耆町,ほうきちょう,ほうき,Hoki,Hoki
日野郡,ひのぐん,ひの,Hino,Hino
日南町,にちなんちょう,にちなん,Nichinan,Nitinan
日野町,ひのちょう,ひの,Hino,Hino
江府町,こうふちょう,こうふ,Kofu,Kohu
島根県,しまねけん,しまね,Shimane,Simane
松江市,まつえし,まつえ,Matsue,Matue
浜田市,はまだし,はまだ,Hamada,Hamada
出雲市,いずもし,いずも,Izumo,Izumo
益田市,ますだし,ますだ,Masuda,Masuda
大田市,おおだし,おおだ,oda,oda
安来市,やすぎし,やすぎ,Yasugi,Yasugi
江津市,ごうつし,ごうつ,Gotsu,Gotu
雲南市,うんなんし,うんなん,Unnan,Unnan
仁多郡,にたぐん,にた,Nita,Nita
奥出雲町,おくいずもちょう,おくいずも,Okuizumo,Okuizumo
飯石郡,いいしぐん,いいし,Iishi,Iisi
飯南町,いいなんちょう,いいなん,Iinan,Iinan
邑智郡,おおちぐん,おおち,ochi,oti
川本町,かわもとまち,かわもと,Kawamoto,Kawamoto
美郷町,みさとちょう,みさと,Misato,Misato
邑南町,おおなんちょう,おおなん,onan,onan
鹿足郡,かのあしぐん,かのあし,Kanoashi,Kanoasi
津和野町,つわのちょう,つわの,Tsuwano,Tuwano
吉賀町,よしかちょう,よしか,Yoshika,Yosika
隠岐郡,おきぐん,おき,Oki,Oki
海士町,あまちょう,あま,Ama,Ama
西ノ島町,にしのしまちょう,にしのしま,Nishinoshima,Nisinosima
知夫村,ちぶむら,ちぶ,Chibu,Tibu
隠岐の島町,おきのしまちょう,おきのしま,Okinoshima,Okinosima
岡山県,おかやまけん,おかやま,Okayama,Okayama
岡山市,おかやまし,おかやま,Okayama,Okayama
北区,きたく,きた,Kita,Kita
中区,なかく,なか,Naka,Naka
東区,ひがしく,ひがし,Higashi,Higasi
南区,みなみく,みなみ,Minami,Minami
倉敷市,くらしきし,くらしき,Kurashiki,Kurasiki
津山市,つやまし,つやま,Tsuyama,Tuyama
玉野市,たまのし,たまの,Tamano,Tamano
笠岡市,かさおかし,かさおか,Kasaoka,Kasaoka
井原市,いばらし,いばら,Ibara,Ibara
総社市,そうじゃし,そうじゃ,Soja,Sozya
高梁市,たかはしし,たかはし,Takahashi,Takahasi
新見市,にいみし,にいみ,Niimi,Niimi
備前市,びぜんし,びぜん,Bizen,Bizen
瀬戸内市,せとうちし,せとうち,Setouchi,Setouti
赤磐市,あかいわし,あかいわ,Akaiwa,Akaiwa
真庭市,まにわし,まにわ,Maniwa,Maniwa
美作市,みまさかし,みまさか,Mimasaka,Mimasaka
浅口市,あさくちし,あさくち,Asakuchi,Asakuti
和気郡,わけぐん,わけ,Wake,Wake
和気町,わけちょう,わけ,Wake,Wake
都窪郡,つくぼぐん,つくぼ,Tsukubo,Tukubo
早島町,はやしまちょう,はやしま,Hayashima,Hayasima
浅口郡,あさくちぐん,あさくち,Asakuchi,Asakuti
里庄町,さとしょうちょう,さとしょう,Satosho,Satosyo
小田郡,おだぐん,おだ,Oda,Oda
矢掛町,やかげちょう,やかげ,Yakage,Yakage
真庭郡,まにわぐん,まにわ,Maniwa,Maniwa
新庄村,しんじょうそん,しんじょう,Shinjo,Sinzyo
苫田郡,とまたぐん,とまた,Tomata,Tomata
鏡野町,かがみのちょう,かがみの,Kagamino,Kagamino
勝田郡,かつたぐん,かつた,Katsuta,Katuta
勝央町,しょうおうちょう,しょうおう,Shoo,Syoo
奈義町,なぎちょう,なぎ,Nagi,Nagi
英田郡,あいだぐん,あいだ,Aida,Aida
西粟倉村,にしあわくらそん,にしあわくら,Nishiawakura,Nisiawakura
久米郡,くめぐん,くめ,Kume,Kume
久米南町,くめなんちょう,くめなん,Kumenan,Kumenan
美咲町,みさきちょう,みさき,Misaki,Misaki
加賀郡,かがぐん,かが,Kaga,Kaga
吉備中央町,きびちゅうおうちょう,きびちゅうおう,Kibichuo,Kibityuo
広島県,ひろしまけん,ひろしま,Hiroshima,Hirosima
広島市,ひろしまし,ひろしま,Hiroshima,Hirosima
中区,なかく,なか,Naka,Naka
東区,ひがしく,ひがし,Higashi,Higasi
南区,みなみく,みなみ,Minami,Minami
西区,にしく,にし,Nishi,Nisi
安佐南区,あさみなみく,あさみなみ,Asaminami,Asaminami
安佐北区,あさきたく,あさきた,Asakita,Asakita
安芸区,あきく,あき,Aki,Aki
佐伯区,さえきく,さえき,Saeki,Saeki
呉市,くれし,くれ,Kure,Kure
竹原市,たけはらし,たけはら,Takehara,Takehara
三原市,みはらし,みはら,Mihara,Mihara
尾道市,おのみちし,おのみち,Onomichi,Onomiti
福山市,ふくやまし,ふくやま,Fukuyama,Hukuyama
府中市,ふちゅうし,ふちゅう,Fuchu,Hutyu
三次市,みよしし,みよし,Miyoshi,Miyosi
庄原市,しょうばらし,しょうばら,Shobara,Syobara
大竹市,おおたけし,おおたけ,otake,otake
東広島市,ひがしひろしまし,ひがしひろしま,Higashihiroshima,Higasihirosima
廿日市市,はつかいちし,はつかいち,Hatsukaichi,Hatukaiti
安芸高田市,あきたかたし,あきたかた,Akitakata,Akitakata
江田島市,えたじまし,えたじま,Etajima,Etazima
安芸郡,あきぐん,あき,Aki,Aki
府中町,ふちゅうちょう,ふちゅう,Fuchu,Hutyu
海田町,かいたちょう,かいた,Kaita,Kaita
熊野町,くまのちょう,くまの,Kumano,Kumano
坂町,さかちょう,さか,Saka,Saka
山県郡,やまがたぐん,やまがた,Yamagata,Yamagata
安芸太田町,あきおおたちょう,あきおおた,Akiota,Akiota
北広島町,きたひろしまちょう,きたひろしま,Kitahiroshima,Kitahirosima
豊田郡,とよたぐん,とよた,Toyota,Toyota
大崎上島町,おおさきかみじまちょう,おおさきかみじま,osakikamijima,osakikamizima
世羅郡,せらぐん,せら,Sera,Sera
世羅町,せらちょう,せら,Sera,Sera
神石郡,じんせきぐん,じんせき,Jinseki,Zinseki
神石高原町,じんせきこうげんちょう,じんせきこうげん,Jinsekikogen,Zinsekikogen
山口県,やまぐちけん,やまぐち,Yamaguchi,Yamaguti
下関市,しものせきし,しものせき,Shimonoseki,Simonoseki
宇部市,うべし,うべ,Ube,Ube
山口市,やまぐちし,やまぐち,Yamaguchi,Yamaguti
萩市,はぎし,はぎ,Hagi,Hagi
防府市,ほうふし,ほうふ,Hofu,Hohu
下松市,くだまつし,くだまつ,Kudamatsu,Kudamatu
岩国市,いわくにし,いわくに,Iwakuni,Iwakuni
光市,ひかりし,ひかり,Hikari,Hikari
長門市,ながとし,ながと,Nagato,Nagato
柳井市,やないし,やない,Yanai,Yanai
美祢市,みねし,みね,Mine,Mine
周南市,しゅうなんし,しゅうなん,Shunan,Syunan
山陽小野田市,さんようおのだし,さんようおのだ,San'yoonoda,San'yoonoda
大島郡,おおしまぐん,おおしま,oshima,osima
周防大島町,すおうおおしまちょう,すおうおおしま,Suooshima,Suoosima
玖珂郡,くがぐん,くが,Kuga,Kuga
和木町,わきちょう,わき,Waki,Waki
熊毛郡,くまげぐん,くまげ,Kumage,Kumage
上関町,かみのせきちょう,かみのせき,Kaminoseki,Kaminoseki
田布施町,たぶせちょう,たぶせ,Tabuse,Tabuse
平生町,ひらおちょう,ひらお,Hirao,Hirao
阿武郡,あぶぐん,あぶ,Abu,Abu
阿武町,あぶちょう,あぶ,Abu,Abu
徳島県,とくしまけん,とくしま,Tokushima,Tokusima
徳島市,とくしまし,とくしま,Tokushima,Tokusima
鳴門市,なるとし,なると,Naruto,Naruto
小松島市,こまつしまし,こまつしま,Komatsushima,Komatusima
阿南市,あなんし,あなん,Anan,Anan
吉野川市,よしのがわし,よしのがわ,Yoshinogawa,Yosinogawa
阿波市,あわし,あわ,Awa,Awa
美馬市,みまし,みま,Mima,Mima
三好市,みよしし,みよし,Miyoshi,Miyosi
勝浦郡,かつうらぐん,かつうら,Katsuura,Katuura
勝浦町,かつうらちょう,かつうら,Katsuura,Katuura
上勝町,かみかつちょう,かみかつ,Kamikatsu,Kamikatu
名東郡,みょうどうぐん,みょうどう,Myodo,Myodo
佐那河内村,さなごうちそん,さなごうち,Sanagochi,Sanagoti
名西郡,みょうざいぐん,みょうざい,Myozai,Myozai
石井町,いしいちょう,いしい,Ishii,Isii
神山町,かみやまちょう,かみやま,Kamiyama,Kamiyama
那賀郡,なかぐん,なか,Naka,Naka
那賀町,なかちょう,なか,Naka,Naka
海部郡,かいふぐん,かいふ,Kaifu,Kaihu
牟岐町,むぎちょう,むぎ,Mugi,Mugi
美波町,みなみちょう,みなみ,Minami,Minami
海陽町,かいようちょう,かいよう,Kaiyo,Kaiyo
板野郡,いたのぐん,いたの,Itano,Itano
松茂町,まつしげちょう,まつしげ,Matsushige,Matusige
北島町,きたじまちょう,きたじま,Kitajima,Kitazima
藍住町,あいずみちょう,あいずみ,Aizumi,Aizumi
板野町,いたのちょう,いたの,Itano,Itano
上板町,かみいたちょう,かみいた,Kamiita,Kamiita
美馬郡,みまぐん,みま,Mima,Mima
つるぎ町,つるぎちょう,つるぎ,Tsurugi,Turugi
三好郡,みよしぐん,みよし,Miyoshi,Miyosi
東みよし町,ひがしみよしちょう,ひがしみよし,Higashimiyoshi,Higasimiyosi
香川県,かがわけん,かがわ,Kagawa,Kagawa
高松市,たかまつし,たかまつ,Takamatsu,Takamatu
丸亀市,まるがめし,まるがめ,Marugame,Marugame
坂出市,さかいでし,さかいで,Sakaide,Sakaide
善通寺市,ぜんつうじし,ぜんつうじ,Zentsuji,Zentuzi
観音寺市,かんおんじし,かんおんじ,Kan'onji,Kan'onzi
さぬき市,さぬきし,さぬき,Sanuki,Sanuki
東かがわ市,ひがしかがわし,ひがしかがわ,Higashikagawa,Higasikagawa
三豊市,みとよし,みとよ,Mitoyo,Mitoyo
小豆郡,しょうずぐん,しょうず,Shozu,Syozu
土庄町,とのしょうちょう,とのしょう,Tonosho,Tonosyo
小豆島町,しょうどしまちょう,しょうどしま,Shodoshima,Syodosima
木田郡,きたぐん,きた,Kita,Kita
三木町,みきちょう,みき,Miki,Miki
香川郡,かがわぐん,かがわ,Kagawa,Kagawa
直島町,なおしまちょう,なおしま,Naoshima,Naosima
綾歌郡,あやうたぐん,あやうた,Ayauta,Ayauta
宇多津町,うたづちょう,うたづ,Utazu,Utazu
綾川町,あやがわちょう,あやがわ,Ayagawa,Ayagawa
仲多度郡,なかたどぐん,なかたど,Nakatado,Nakatado
琴平町,ことひらちょう,ことひら,Kotohira,Kotohira
多度津町,たどつちょう,たどつ,Tadotsu,Tadotu
まんのう町,まんのうちょう,まんのう,Manno,Manno
愛媛県,えひめけん,えひめ,Ehime,Ehime
松山市,まつやまし,まつやま,Matsuyama,Matuyama
今治市,いまばりし,いまばり,Imabari,Imabari
宇和島市,うわじまし,うわじま,Uwajima,Uwazima
八幡浜市,やわたはまし,やわたはま,Yawatahama,Yawatahama
新居浜市,にいはまし,にいはま,Niihama,Niihama
西条市,さいじょうし,さいじょう,Saijo,Saizyo
大洲市,おおずし,おおず,ozu,ozu
伊予市,いよし,いよ,Iyo,Iyo
四国中央市,しこくちゅうおうし,しこくちゅうおう,Shikokuchuo,Sikokutyuo
西予市,せいよし,せいよ,Seiyo,Seiyo
東温市,とうおんし,とうおん,Toon,Toon
越智郡,おちぐん,おち,Ochi,Oti
上島町,かみじまちょう,かみじま,Kamijima,Kamizima
上浮穴郡,かみうけなぐん,かみうけな,Kamiukena,Kamiukena
久万高原町,くまこうげんちょう,くまこうげん,Kumakogen,Kumakogen
伊予郡,いよぐん,いよ,Iyo,Iyo
松前町,まさきちょう,まさき,Masaki,Masaki
砥部町,とべちょう,とべ,Tobe,Tobe
喜多郡,きたぐん,きた,Kita,Kita
内子町,うちこちょう,うちこ,Uchiko,Utiko
西宇和郡,にしうわぐん,にしうわ,Nishiuwa,Nisiuwa
伊方町,いかたちょう,いかた,Ikata,Ikata
北宇和郡,きたうわぐん,きたうわ,Kitauwa,Kitauwa
松野町,まつのちょう,まつの,Matsuno,Matuno
鬼北町,きほくちょう,きほく,Kihoku,Kihoku
南宇和郡,みなみうわぐん,みなみうわ,Minamiuwa,Minamiuwa
愛南町,あいなんちょう,あいなん,Ainan,Ainan
高知県,こうちけん,こうち,Kochi,Koti
高知市,こうちし,こうち,Kochi,Koti
室戸市,むろとし,むろと,Muroto,Muroto
安芸市,あきし,あき,Aki,Aki
南国市,なんこくし,なんこく,Nankoku,Nankoku
土佐市,とさし,とさ,Tosa,Tosa
須崎市,すさきし,すさき,Susaki,Susaki
宿毛市,すくもし,すくも,Sukumo,Sukumo
土佐清水市,とさしみずし,とさしみず,Tosashimizu,Tosasimizu
四万十市,しまんとし,しまんと,Shimanto,Simanto
香南市,こうなんし,こうなん,Konan,Konan
香美市,かみし,かみ,Kami,Kami
安芸郡,あきぐん,あき,Aki,Aki
東洋町,とうようちょう,とうよう,Toyo,Toyo
奈半利町,なはりちょう,なはり,Nahari,Nahari
田野町,たのちょう,たの,Tano,Tano
安田町,やすだちょう,やすだ,Yasuda,Yasuda
北川村,きたがわむら,きたがわ,Kitagawa,Kitagawa
馬路村,うまじむら,うまじ,Umaji,Umazi
芸西村,げいせいむら,げいせい,Geisei,Geisei
長岡郡,ながおかぐん,ながおか,Nagaoka,Nagaoka
本山町,もとやまちょう,もとやま,Motoyama,Motoyama
大豊町,おおとよちょう,おおとよ,otoyo,otoyo
土佐郡,とさぐん,とさ,Tosa,Tosa
土佐町,とさちょう,とさ,Tosa,Tosa
大川村,おおかわむら,おおかわ,okawa,okawa
吾川郡,あがわぐん,あがわ,Agawa,Agawa
いの町,いのちょう,いの,Ino,Ino
仁淀川町,によどがわちょう,によどがわ,Niyodogawa,Niyodogawa
高岡郡,たかおかぐん,たかおか,Takaoka,Takaoka
中土佐町,なかとさちょう,なかとさ,Nakatosa,Nakatosa
佐川町,さかわちょう,さかわ,Sakawa,Sakawa
越知町,おちちょう,おち,Ochi,Oti
檮原町,ゆすはらちょう,ゆすはら,Yusuhara,Yusuhara
日高村,ひだかむら,ひだか,Hidaka,Hidaka
津野町,つのちょう,つの,Tsuno,Tuno
四万十町,しまんとちょう,しまんと,Shimanto,Simanto
幡多郡,はたぐん,はた,Hata,Hata
大月町,おおつきちょう,おおつき,otsuki,otuki
三原村,みはらむら,みはら,Mihara,Mihara
黒潮町,くろしおちょう,くろしお,Kuroshio,Kurosio
福岡県,ふくおかけん,ふくおか,Fukuoka,Hukuoka
北九州市,きたきゅうしゅうし,きたきゅうしゅう,Kitakyushu,Kitakyusyu
門司区,もじく,もじ,Moji,Mozi
若松区,わかまつく,わかまつ,Wakamatsu,Wakamatu
戸畑区,とばたく,とばた,Tobata,Tobata
小倉北区,こくらきたく,こくらきた,Kokurakita,Kokurakita
小倉南区,こくらみなみく,こくらみなみ,Kokuraminami,Kokuraminami
八幡東区,やはたひがしく,やはたひがし,Yahatahigashi,Yahatahigasi
八幡西区,やはたにしく,やはたにし,Yahatanishi,Yahatanisi
福岡市,ふくおかし,ふくおか,Fukuoka,Hukuoka
東区,ひがしく,ひがし,Higashi,Higasi
博多区,はかたく,はかた,Hakata,Hakata
中央区,ちゅうおうく,ちゅうおう,Chuo,Tyuo
南区,みなみく,みなみ,Minami,Minami
西区,にしく,にし,Nishi,Nisi
城南区,じょうなんく,じょうなん,Jonan,Zyonan
早良区,さわらく,さわら,Sawara,Sawara
大牟田市,おおむたし,おおむた,omuta,omuta
久留米市,くるめし,くるめ,Kurume,Kurume
直方市,のおがたし,のおがた,Nogata,Nogata
飯塚市,いいづかし,いいづか,Iizuka,Iizuka
田川市,たがわし,たがわ,Tagawa,Tagawa
柳川市,やながわし,やながわ,Yanagawa,Yanagawa
八女市,やめし,やめ,Yame,Yame
筑後市,ちくごし,ちくご,Chikugo,Tikugo
大川市,おおかわし,おおかわ,okawa,okawa
行橋市,ゆくはしし,ゆくはし,Yukuhashi,Yukuhasi
豊前市,ぶぜんし,ぶぜん,Buzen,Buzen
中間市,なかまし,なかま,Nakama,Nakama
小郡市,おごおりし,おごおり,Ogori,Ogori
筑紫野市,ちくしのし,ちくしの,Chikushino,Tikusino
春日市,かすがし,かすが,Kasuga,Kasuga
大野城市,おおのじょうし,おおのじょう,onojo,onozyo
宗像市,むなかたし,むなかた,Munakata,Munakata
太宰府市,だざいふし,だざいふ,Dazaifu,Dazaihu
古賀市,こがし,こが,Koga,Koga
福津市,ふくつし,ふくつ,Fukutsu,Hukutu
うきは市,うきはし,うきは,Ukiha,Ukiha
宮若市,みやわかし,みやわか,Miyawaka,Miyawaka
嘉麻市,かまし,かま,Kama,Kama
朝倉市,あさくらし,あさくら,Asakura,Asakura
みやま市,みやまし,みやま,Miyama,Miyama
糸島市,いとしまし,いとしま,Itoshima,Itosima
筑紫郡,ちくしぐん,ちくし,Chikushi,Tikusi
那珂川町,なかがわまち,なかがわ,Nakagawa,Nakagawa
糟屋郡,かすやぐん,かすや,Kasuya,Kasuya
宇美町,うみまち,うみ,Umi,Umi
篠栗町,ささぐりまち,ささぐり,Sasaguri,Sasaguri
志免町,しめまち,しめ,Shime,Sime
須恵町,すえまち,すえ,Sue,Sue
新宮町,しんぐうまち,しんぐう,Shingu,Singu
久山町,ひさやままち,ひさやま,Hisayama,Hisayama
粕屋町,かすやまち,かすや,Kasuya,Kasuya
遠賀郡,おんがぐん,おんが,Onga,Onga
芦屋町,あしやまち,あしや,Ashiya,Asiya
水巻町,みずまきまち,みずまき,Mizumaki,Mizumaki
岡垣町,おかがきまち,おかがき,Okagaki,Okagaki
遠賀町,おんがちょう,おんが,Onga,Onga
鞍手郡,くらてぐん,くらて,Kurate,Kurate
小竹町,こたけまち,こたけ,Kotake,Kotake
鞍手町,くらてまち,くらて,Kurate,Kurate
嘉穂郡,かほぐん,かほ,Kaho,Kaho
桂川町,けいせんまち,けいせん,Keisen,Keisen
朝倉郡,あさくらぐん,あさくら,Asakura,Asakura
筑前町,ちくぜんまち,ちくぜん,Chikuzen,Tikuzen
東峰村,とうほうむら,とうほう,Toho,Toho
三井郡,みいぐん,みい,Mii,Mii
大刀洗町,たちあらいまち,たちあらい,Tachiarai,Tatiarai
三潴郡,みずまぐん,みずま,Mizuma,Mizuma
大木町,おおきまち,おおき,oki,oki
八女郡,やめぐん,やめ,Yame,Yame
広川町,ひろかわまち,ひろかわ,Hirokawa,Hirokawa
田川郡,たがわぐん,たがわ,Tagawa,Tagawa
香春町,かわらまち,かわら,Kawara,Kawara
添田町,そえだまち,そえだ,Soeda,Soeda
糸田町,いとだまち,いとだ,Itoda,Itoda
川崎町,かわさきまち,かわさき,Kawasaki,Kawasaki
大任町,おおとうまち,おおとう,oto,oto
赤村,あかむら,あか,Aka,Aka
福智町,ふくちまち,ふくち,Fukuchi,Hukuti
京都郡,みやこぐん,みやこ,Miyako,Miyako
苅田町,かんだまち,かんだ,Kanda,Kanda
みやこ町,みやこまち,みやこ,Miyako,Miyako
築上郡,ちくじょうぐん,ちくじょう,Chikujo,Tikuzyo
吉富町,よしとみまち,よしとみ,Yoshitomi,Yositomi
上毛町,こうげまち,こうげ,Koge,Koge
築上町,ちくじょうまち,ちくじょう,Chikujo,Tikuzyo
佐賀県,さがけん,さが,Saga,Saga
佐賀市,さがし,さが,Saga,Saga
唐津市,からつし,からつ,Karatsu,Karatu
鳥栖市,とすし,とす,Tosu,Tosu
多久市,たくし,たく,Taku,Taku
伊万里市,いまりし,いまり,Imari,Imari
武雄市,たけおし,たけお,Takeo,Takeo
鹿島市,かしまし,かしま,Kashima,Kasima
小城市,おぎし,おぎ,Ogi,Ogi
嬉野市,うれしのし,うれしの,Ureshino,Uresino
神埼市,かんざきし,かんざき,Kanzaki,Kanzaki
神埼郡,かんざきぐん,かんざき,Kanzaki,Kanzaki
吉野ヶ里町,よしのがりちょう,よしのがり,Yoshinogari,Yosinogari
三養基郡,みやきぐん,みやき,Miyaki,Miyaki
基山町,きやまちょう,きやま,Kiyama,Kiyama
上峰町,かみみねちょう,かみみね,Kamimine,Kamimine
みやき町,みやきちょう,みやき,Miyaki,Miyaki
東松浦郡,ひがしまつうらぐん,ひがしまつうら,Higashimatsuura,Higasimatuura
玄海町,げんかいちょう,げんかい,Genkai,Genkai
西松浦郡,にしまつうらぐん,にしまつうら,Nishimatsuura,Nisimatuura
有田町,ありたまち,ありた,Arita,Arita
杵島郡,きしまぐん,きしま,Kishima,Kisima
大町町,おおまちちょう,おおまち,omachi,omati
江北町,こうほくまち,こうほく,Kohoku,Kohoku
白石町,しろいしちょう,しろいし,Shiroishi,Siroisi
藤津郡,ふじつぐん,ふじつ,Fujitsu,Huzitu
太良町,たらちょう,たら,Tara,Tara
長崎県,ながさきけん,ながさき,Nagasaki,Nagasaki
長崎市,ながさきし,ながさき,Nagasaki,Nagasaki
佐世保市,させぼし,させぼ,Sasebo,Sasebo
島原市,しまばらし,しまばら,Shimabara,Simabara
諫早市,いさはやし,いさはや,Isahaya,Isahaya
大村市,おおむらし,おおむら,omura,omura
平戸市,ひらどし,ひらど,Hirado,Hirado
松浦市,まつうらし,まつうら,Matsuura,Matuura
対馬市,つしまし,つしま,Tsushima,Tusima
壱岐市,いきし,いき,Iki,Iki
五島市,ごとうし,ごとう,Goto,Goto
西海市,さいかいし,さいかい,Saikai,Saikai
雲仙市,うんぜんし,うんぜん,Unzen,Unzen
南島原市,みなみしまばらし,みなみしまばら,Minamishimabara,Minamisimabara
西彼杵郡,にしそのぎぐん,にしそのぎ,Nishisonogi,Nisisonogi
長与町,ながよちょう,ながよ,Nagayo,Nagayo
時津町,とぎつちょう,とぎつ,Togitsu,Togitu
東彼杵郡,ひがしそのぎぐん,ひがしそのぎ,Higashisonogi,Higasisonogi
東彼杵町,ひがしそのぎちょう,ひがしそのぎ,Higashisonogi,Higasisonogi
川棚町,かわたなちょう,かわたな,Kawatana,Kawatana
波佐見町,はさみちょう,はさみ,Hasami,Hasami
北松浦郡,きたまつうらぐん,きたまつうら,Kitamatsuura,Kitamatuura
小値賀町,おぢかちょう,おぢか,Ojika,Ozika
佐々町,さざちょう,さざ,Saza,Saza
南松浦郡,みなみまつうらぐん,みなみまつうら,Minamimatsuura,Minamimatuura
新上五島町,しんかみごとうちょう,しんかみごとう,Shinkamigoto,Sinkamigoto
熊本県,くまもとけん,くまもと,Kumamoto,Kumamoto
熊本市,くまもとし,くまもと,Kumamoto,Kumamoto
中央区,ちゅうおうく,ちゅうおう,Chuo,Tyuo
東区,ひがしく,ひがし,Higashi,Higasi
西区,にしく,にし,Nishi,Nisi
南区,みなみく,みなみ,Minami,Minami
北区,きたく,きた,Kita,Kita
八代市,やつしろし,やつしろ,Yatsushiro,Yatusiro
人吉市,ひとよしし,ひとよし,Hitoyoshi,Hitoyosi
荒尾市,あらおし,あらお,Arao,Arao
水俣市,みなまたし,みなまた,Minamata,Minamata
玉名市,たまなし,たまな,Tamana,Tamana
山鹿市,やまがし,やまが,Yamaga,Yamaga
菊池市,きくちし,きくち,Kikuchi,Kikuti
宇土市,うとし,うと,Uto,Uto
上天草市,かみあまくさし,かみあまくさ,Kamiamakusa,Kamiamakusa
宇城市,うきし,うき,Uki,Uki
阿蘇市,あそし,あそ,Aso,Aso
天草市,あまくさし,あまくさ,Amakusa,Amakusa
合志市,こうしし,こうし,Koshi,Kosi
下益城郡,しもましきぐん,しもましき,Shimomashiki,Simomasiki
美里町,みさとまち,みさと,Misato,Misato
玉名郡,たまなぐん,たまな,Tamana,Tamana
玉東町,ぎょくとうまち,ぎょくとう,Gyokuto,Gyokuto
南関町,なんかんまち,なんかん,Nankan,Nankan
長洲町,ながすまち,ながす,Nagasu,Nagasu
和水町,なごみまち,なごみ,Nagomi,Nagomi
菊池郡,きくちぐん,きくち,Kikuchi,Kikuti
大津町,おおづまち,おおづ,ozu,ozu
菊陽町,きくようまち,きくよう,Kikuyo,Kikuyo
阿蘇郡,あそぐん,あそ,Aso,Aso
南小国町,みなみおぐにまち,みなみおぐに,Minamioguni,Minamioguni
小国町,おぐにまち,おぐに,Oguni,Oguni
産山村,うぶやまむら,うぶやま,Ubuyama,Ubuyama
高森町,たかもりまち,たかもり,Takamori,Takamori
西原村,にしはらむら,にしはら,Nishihara,Nisihara
南阿蘇村,みなみあそむら,みなみあそ,Minamiaso,Minamiaso
上益城郡,かみましきぐん,かみましき,Kamimashiki,Kamimasiki
御船町,みふねまち,みふね,Mifune,Mihune
嘉島町,かしままち,かしま,Kashima,Kasima
益城町,ましきまち,ましき,Mashiki,Masiki
甲佐町,こうさまち,こうさ,Kosa,Kosa
山都町,やまとちょう,やまと,Yamato,Yamato
八代郡,やつしろぐん,やつしろ,Yatsushiro,Yatusiro
氷川町,ひかわちょう,ひかわ,Hikawa,Hikawa
葦北郡,あしきたぐん,あしきた,Ashikita,Asikita
芦北町,あしきたまち,あしきた,Ashikita,Asikita
津奈木町,つなぎまち,つなぎ,Tsunagi,Tunagi
球磨郡,くまぐん,くま,Kuma,Kuma
錦町,にしきまち,にしき,Nishiki,Nisiki
多良木町,たらぎまち,たらぎ,Taragi,Taragi
湯前町,ゆのまえまち,ゆのまえ,Yunomae,Yunomae
水上村,みずかみむら,みずかみ,Mizukami,Mizukami
相良村,さがらむら,さがら,Sagara,Sagara
五木村,いつきむら,いつき,Itsuki,Ituki
山江村,やまえむら,やまえ,Yamae,Yamae
球磨村,くまむら,くま,Kuma,Kuma
あさぎり町,あさぎりちょう,あさぎり,Asagiri,Asagiri
天草郡,あまくさぐん,あまくさ,Amakusa,Amakusa
苓北町,れいほくまち,れいほく,Reihoku,Reihoku
大分県,おおいたけん,おおいた,oita,oita
大分市,おおいたし,おおいた,oita,oita
別府市,べっぷし,べっぷ,Beppu,Beppu
中津市,なかつし,なかつ,Nakatsu,Nakatu
日田市,ひたし,ひた,Hita,Hita
佐伯市,さいきし,さいき,Saiki,Saiki
臼杵市,うすきし,うすき,Usuki,Usuki
津久見市,つくみし,つくみ,Tsukumi,Tukumi
竹田市,たけたし,たけた,Taketa,Taketa
豊後高田市,ぶんごたかだし,ぶんごたかだ,Bungotakada,Bungotakada
杵築市,きつきし,きつき,Kitsuki,Kituki
宇佐市,うさし,うさ,Usa,Usa
豊後大野市,ぶんごおおのし,ぶんごおおの,Bungoono,Bungoono
由布市,ゆふし,ゆふ,Yufu,Yuhu
国東市,くにさきし,くにさき,Kunisaki,Kunisaki
東国東郡,ひがしくにさきぐん,ひがしくにさき,Higashikunisaki,Higasikunisaki
姫島村,ひめしまむら,ひめしま,Himeshima,Himesima
速見郡,はやみぐん,はやみ,Hayami,Hayami
日出町,ひじまち,ひじ,Hiji,Hizi
玖珠郡,くすぐん,くす,Kusu,Kusu
九重町,ここのえまち,ここのえ,Kokonoe,Kokonoe
玖珠町,くすまち,くす,Kusu,Kusu
宮崎県,みやざきけん,みやざき,Miyazaki,Miyazaki
宮崎市,みやざきし,みやざき,Miyazaki,Miyazaki
都城市,みやこのじょうし,みやこのじょう,Miyakonojo,Miyakonozyo
延岡市,のべおかし,のべおか,Nobeoka,Nobeoka
日南市,にちなんし,にちなん,Nichinan,Nitinan
小林市,こばやしし,こばやし,Kobayashi,Kobayasi
日向市,ひゅうがし,ひゅうが,Hyuga,Hyuga
串間市,くしまし,くしま,Kushima,Kusima
西都市,さいとし,さいと,Saito,Saito
えびの市,えびのし,えびの,Ebino,Ebino
北諸県郡,きたもろかたぐん,きたもろかた,Kitamorokata,Kitamorokata
三股町,みまたちょう,みまた,Mimata,Mimata
西諸県郡,にしもろかたぐん,にしもろかた,Nishimorokata,Nisimorokata
高原町,たかはるちょう,たかはる,Takaharu,Takaharu
東諸県郡,ひがしもろかたぐん,ひがしもろかた,Higashimorokata,Higasimorokata
国富町,くにとみちょう,くにとみ,Kunitomi,Kunitomi
綾町,あやちょう,あや,Aya,Aya
児湯郡,こゆぐん,こゆ,Koyu,Koyu
高鍋町,たかなべちょう,たかなべ,Takanabe,Takanabe
新富町,しんとみちょう,しんとみ,Shintomi,Sintomi
西米良村,にしめらそん,にしめら,Nishimera,Nisimera
木城町,きじょうちょう,きじょう,Kijo,Kizyo
川南町,かわみなみちょう,かわみなみ,Kawaminami,Kawaminami
都農町,つのちょう,つの,Tsuno,Tuno
東臼杵郡,ひがしうすきぐん,ひがしうすき,Higashiusuki,Higasiusuki
門川町,かどがわちょう,かどがわ,Kadogawa,Kadogawa
諸塚村,もろつかそん,もろつか,Morotsuka,Morotuka
椎葉村,しいばそん,しいば,Shiiba,Siiba
美郷町,みさとちょう,みさと,Misato,Misato
西臼杵郡,にしうすきぐん,にしうすき,Nishiusuki,Nisiusuki
高千穂町,たかちほちょう,たかちほ,Takachiho,Takatiho
日之影町,ひのかげちょう,ひのかげ,Hinokage,Hinokage
五ヶ瀬町,ごかせちょう,ごかせ,Gokase,Gokase
鹿児島県,かごしまけん,かごしま,Kagoshima,Kagosima
鹿児島市,かごしまし,かごしま,Kagoshima,Kagosima
鹿屋市,かのやし,かのや,Kanoya,Kanoya
枕崎市,まくらざきし,まくらざき,Makurazaki,Makurazaki
阿久根市,あくねし,あくね,Akune,Akune
出水市,いずみし,いずみ,Izumi,Izumi
指宿市,いぶすきし,いぶすき,Ibusuki,Ibusuki
西之表市,にしのおもてし,にしのおもて,Nishinoomote,Nisinoomote
垂水市,たるみずし,たるみず,Tarumizu,Tarumizu
薩摩川内市,さつませんだいし,さつませんだい,Satsumasendai,Satumasendai
日置市,ひおきし,ひおき,Hioki,Hioki
曽於市,そおし,そお,Soo,Soo
霧島市,きりしまし,きりしま,Kirishima,Kirisima
いちき串木野市,いちきくしきのし,いちきくしきの,Ichikikushikino,Itikikusikino
南さつま市,みなみさつまし,みなみさつま,Minamisatsuma,Minamisatuma
志布志市,しぶしし,しぶし,Shibushi,Sibusi
奄美市,あまみし,あまみ,Amami,Amami
南九州市,みなみきゅうしゅうし,みなみきゅうしゅう,Minamikyushu,Minamikyusyu
伊佐市,いさし,いさ,Isa,Isa
姶良市,あいらし,あいら,Aira,Aira
鹿児島郡,かごしまぐん,かごしま,Kagoshima,Kagosima
三島村,みしまむら,みしま,Mishima,Misima
十島村,としまむら,としま,Toshima,Tosima
薩摩郡,さつまぐん,さつま,Satsuma,Satuma
さつま町,さつまちょう,さつま,Satsuma,Satuma
出水郡,いずみぐん,いずみ,Izumi,Izumi
長島町,ながしまちょう,ながしま,Nagashima,Nagasima
姶良郡,あいらぐん,あいら,Aira,Aira
湧水町,ゆうすいちょう,ゆうすい,Yusui,Yusui
曽於郡,そおぐん,そお,Soo,Soo
大崎町,おおさきちょう,おおさき,osaki,osaki
肝属郡,きもつきぐん,きもつき,Kimotsuki,Kimotuki
東串良町,ひがしくしらちょう,ひがしくしら,Higashikushira,Higasikusira
錦江町,きんこうちょう,きんこう,Kinko,Kinko
南大隅町,みなみおおすみちょう,みなみおおすみ,Minamiosumi,Minamiosumi
肝付町,きもつきちょう,きもつき,Kimotsuki,Kimotuki
熊毛郡,くまげぐん,くまげ,Kumage,Kumage
中種子町,なかたねちょう,なかたね,Nakatane,Nakatane
南種子町,みなみたねちょう,みなみたね,Minamitane,Minamitane
屋久島町,やくしまちょう,やくしま,Yakushima,Yakusima
大島郡,おおしまぐん,おおしま,oshima,osima
大和村,やまとそん,やまと,Yamato,Yamato
宇検村,うけんそん,うけん,Uken,Uken
瀬戸内町,せとうちちょう,せとうち,Setouchi,Setouti
龍郷町,たつごうちょう,たつごう,Tatsugo,Tatugo
喜界町,きかいちょう,きかい,Kikai,Kikai
徳之島町,とくのしまちょう,とくのしま,Tokunoshima,Tokunosima
天城町,あまぎちょう,あまぎ,Amagi,Amagi
伊仙町,いせんちょう,いせん,Isen,Isen
和泊町,わどまりちょう,わどまり,Wadomari,Wadomari
知名町,ちなちょう,ちな,China,Tina
与論町,よろんちょう,よろん,Yoron,Yoron
沖縄県,おきなわけん,おきなわ,Okinawa,Okinawa
那覇市,なはし,なは,Naha,Naha
宜野湾市,ぎのわんし,ぎのわん,Ginowan,Ginowan
石垣市,いしがきし,いしがき,Ishigaki,Isigaki
浦添市,うらそえし,うらそえ,Urasoe,Urasoe
名護市,なごし,なご,Nago,Nago
糸満市,いとまんし,いとまん,Itoman,Itoman
沖縄市,おきなわし,おきなわ,Okinawa,Okinawa
豊見城市,とみぐすくし,とみぐすく,Tomigusuku,Tomigusuku
うるま市,うるまし,うるま,Uruma,Uruma
宮古島市,みやこじまし,みやこじま,Miyakojima,Miyakozima
南城市,なんじょうし,なんじょう,Nanjo,Nanzyo
国頭郡,くにがみぐん,くにがみ,Kunigami,Kunigami
国頭村,くにがみそん,くにがみ,Kunigami,Kunigami
大宜味村,おおぎみそん,おおぎみ,ogimi,ogimi
東村,ひがしそん,ひがし,Higashi,Higasi
今帰仁村,なきじんそん,なきじん,Nakijin,Nakizin
本部町,もとぶちょう,もとぶ,Motobu,Motobu
恩納村,おんなそん,おんな,Onna,Onna
宜野座村,ぎのざそん,ぎのざ,Ginoza,Ginoza
金武町,きんちょう,きん,Kin,Kin
伊江村,いえそん,いえ,Ie,Ie
中頭郡,なかがみぐん,なかがみ,Nakagami,Nakagami
読谷村,よみたんそん,よみたん,Yomitan,Yomitan
嘉手納町,かでなちょう,かでな,Kadena,Kadena
北谷町,ちゃたんちょう,ちゃたん,Chatan,Tyatan
北中城村,きたなかぐすくそん,きたなかぐすく,Kitanakagusuku,Kitanakagusuku
中城村,なかぐすくそん,なかぐすく,Nakagusuku,Nakagusuku
西原町,にしはらちょう,にしはら,Nishihara,Nisihara
島尻郡,しまじりぐん,しまじり,Shimajiri,Simaziri
与那原町,よなばるちょう,よなばる,Yonabaru,Yonabaru
南風原町,はえばるちょう,はえばる,Haebaru,Haebaru
渡嘉敷村,とかしきそん,とかしき,Tokashiki,Tokasiki
座間味村,ざまみそん,ざまみ,Zamami,Zamami
粟国村,あぐにそん,あぐに,Aguni,Aguni
渡名喜村,となきそん,となき,Tonaki,Tonaki
南大東村,みなみだいとうそん,みなみだいとう,Minamidaito,Minamidaito
北大東村,きただいとうそん,きただいとう,Kitadaito,Kitadaito
伊平屋村,いへやそん,いへや,Iheya,Iheya
伊是名村,いぜなそん,いぜな,Izena,Izena
久米島町,くめじまちょう,くめじま,Kumejima,Kumezima
八重瀬町,やえせちょう,やえせ,Yaese,Yaese
宮古郡,みやこぐん,みやこ,Miyako,Miyako
多良間村,たらまそん,たらま,Tarama,Tarama
八重山郡,やえやまぐん,やえやま,Yaeyama,Yaeyama
竹富町,たけとみちょう,たけとみ,Taketomi,Taketomi
与那国町,よなぐにちょう,よなぐに,Yonaguni,Yonaguni